bigg_id,chebi
10fthf_c,15637
12ppd__S_c,45065
15dap_c,58384
1ddecg3p_c,72682
23ddhb_c,877
23dhba_c,57417
23dhbzs_c,7084
23dhdp_c,48052
25dkglcn_c,58428
26dap_LL_c,6341
26dap__M_c,57791
2agpe160_c,132926
2aobut_c,78948
2cpr5p_c,58613
2dh3dgal6p_c,58298
2dhp_c,19545
2dmmql8_c,61873
2dr1p_c,58576
2h3oppan_c,57978
2mahmp_c,57841
2mcacn_c,57872
2obut_c,39748
2ohph_c,62730
2omph_c,1235
2oph_c,40407
2pg_c,88350
2pglyc_c,58033
35cgmp_c,57746
3c2hmp_c,43468
3c3hmp_c,35128
3c4mop_c,19975
3dhq_c,42078
3haACP_c,84648
3hadpcoa_c,71038
3hbcoa_c,62611
3hdcoa_c,62616
3hddcoa_c,62558
3hhcoa_c,62075
3hhdcoa_c,62613
3hocoa_c,62617
3hpp_c,40000
3hpppn_c,57277
3mop_c,401
3odcoa_c,62548
3ohcoa_c,62418
3ohdcoa_c,57349
3ohodcoa_c,71407
3opalmACP_c,1639
3otdcoa_c,62543
3oxdhscoa_c,63255
3pg_c,58272
4ahmmp_c,43206
4crsol_c,44726
4h2opntn_c,58222
4mop_c,48430
4mpetz_c,58296
4ppcys_c,59458
56dura_c,921
5aizc_c,77657
5aop_c,356416
5apru_c,59551
5dh4dglc_c,43704
5drib_c,62012
5mta_c,44181
5mtr_c,78440
6hmhpt_c,44841
6hmhptpp_c,73083
6pgc_c,58759
6pgl_c,57955
LalaDglu_c,61566
Nmtrp_c,86128
aacoa_c,57286
acald_c,40533
accoa_c,57288
acetol_c,5796
acg5p_c,7151
acgam_c,7123
acgam1p_c,7125
acglu_c,87274
acnam_c,7214
aconm_c,57470
acorn_c,7368
acser_c,7668
actp_c,46262
adp_c,87518
adpglc_c,57498
adprib_c,57967
ag_c,49468
agdpcbi_c,60487
agm_c,58145
ahdt_c,58462
air_c,58592
akg_c,40661
ala_B_c,63070
ala__L_c,76050
alac__S_c,58476
alatrna_c,6172
all__D_c,4093
all6p_c,58328
alltt_c,30837
amet_c,8946
ametam_c,8947
amob_c,8944
amp_c,47222
ap4a_c,7875
arab__L_c,6182
arbt6p_c,60929
argsuc_c,7098
argtrna_c,6189
ascb6p_c,80368
asntrna_c,6192
aso3_c,49900
aso4_c,81880
asp__L_c,6193
aspsa_c,6194
athr__L_c,6174
b2coa_c,58669
bbtcoa_c,61517
btal_c,3233
btcoa_c,57371
btn_c,57586
btnso_c,62193
cbasp_c,7257
cbi_c,48529
cbp_c,58228
cd2_c,48775
cdpdodecg_c,104121
cdpdtdecg_c,103211
cenchddd_c,61462
chtbs6p_c,64897
cl_c,5590
cmp_c,60377
coa_c,741566
crn_c,6202
crn__D_c,51453
csn_c,41732
ctbt_c,48867
ctbtcoa_c,61123
ctp_c,58231
cu2_c,49550
cys__D_c,41887
cys__L_c,6207
cyst__L_c,6205
cystrna_c,74764
cytd_c,41709
dann_c,58500
datp_c,61404
db4p_c,50606
dcamp_c,7405
dcyt_c,4407
ddcacoa_c,6392
dgdp_c,58595
dgmp_c,57673
dgslnt_c,71259
dgtp_c,61429
dha_c,5453
dhgly_c,77846
dhmptp_c,61191
dhna_c,539
dhnpt_c,71175
dhpmp_c,58762
dhpppn_c,46951
dhptdn_c,4580
dimp_c,837
din_c,4413
ditp_c,61382
dmbzid_c,4620
dmlz_c,58201
dmpp_c,8394
dtdp4addg_c,68516
dtdpglu_c,57477
dtmp_c,63549
dttp_c,58370
dudp_c,60471
dump_c,47722
duri_c,46293
dutp_c,61555
eig3p_c,58278
enter_c,77805
etoh_c,52092
f1p_c,58674
fad_c,57692
fadh2_c,58307
fald_c,5142
fc1p_c,6220
fe2_c,49599
fe3_c,49595
fe3hox_c,4992
fecrm_c,5019
feoxam_c,84700
fgam_c,58426
fmn_c,58210
forcoa_c,57376
fpram_c,971
frdp_c,50277
fru_c,5172
frulys_c,63523
fruur_c,59881
fuc__L_c,48204
g1p_c,58601
g3p_c,59776
g3pc_c,76433
g3pe_c,57952
g3pi_c,64715
g3ps_c,64945
galur_c,75525
gar_c,58457
gbbtn_c,20484
gdp_c,65180
gdpddman_c,57964
gdpmann_c,84881
gdpofuc_c,5216
gdptp_c,71477
ggbutal_c,61521
ghb_c,386065
glc__D_c,4167
glcn_c,42715
glcr_c,42731
glcur_c,58720
gln__L_c,6227
glu__D_c,4183
glu__L_c,76051
glu1sa_c,57501
glu5p_c,6230
glyald_c,4186
glyc_c,5448
glyc__R_c,41990
glyc2p_c,58083
glyclt_c,5475
glycogen_c,5466
glytrna_c,5503
gmhep1p_c,61593
gmhep7p_c,60204
gp4g_c,7876
grdp_c,58057
gsn_c,5564
gthox_c,7840
gtspmd_c,57835
gua_c,5563
h_c,5584
h2_c,5785
h2o_c,5594
hcys__L_c,66952
hdca_c,7896
hdd2coa_c,61526
hg2_c,5714
hhlipa_c,61523
his__L_c,6240
histd_c,6241
hkndd_c,66936
hkntd_c,61467
hlipa_c,61528
hmgth_c,58758
hom__L_c,6246
hqn_c,5793
hxan_c,5841
ichor_c,5997
icit_c,5998
idon__L_c,6250
idp_c,5848
ile__L_c,6255
imacp_c,57766
imp_c,5849
indole_c,5900
isetac_c,61904
itp_c,61402
k_c,8345
kdo2lipid4L_c,6393
kdo8p_c,85985
kdolipid4_c,60364
lald__D_c,340
lcts_c,613009
lgt__S_c,57474
lipa_c,58540
lipa_cold_c,61556
lipidAds_c,862
lipidX_c,870
lystrna_c,6267
malcoame_c,71244
malt_c,6668
malt6p_c,91177
malthx_c,6667
maltpt_c,62006
maltttr_c,6671
man1p_c,58409
man6pglyc_c,61001
mana_c,58654
mdhdhf_c,71316
mercppyr_c,6767
met__D_c,57932
met__L_c,6829
methf_c,57455
metsox_S__L_c,6272
mg2_c,6635
mi1p__D_c,818
micit_c,57429
mnl1p_c,61381
mpt_c,6969
mptamp_c,62728
mqn8_c,44027
msa_c,33190
mso3_c,6813
n2o_c,7598
nad_c,7422
nadh_c,7423
ni2_c,49786
nicrnt_c,7561
no2_c,7585
o2s_c,7710
oaa_c,7812
oc2coa_c,62242
occoa_c,7724
ocdcea_c,7741
op4en_c,67181
orot5p_c,7788
oxa_c,7811
pa160_c,73246
pant__R_c,44662
paps_c,58339
pdx5p_c,8672
pe160_c,73127
pe180_c,47766
pep_c,8147
phe__L_c,8089
phom_c,7691
pmtcoa_c,7898
ppap_c,8478
ppbng_c,8335
ppgpp_c,77828
pphn_c,84387
ppp9_c,8592
pppg9_c,8593
pppi_c,9744
pppn_c,8103
preq0_c,677358
preq1_c,58703
prfp_c,75912
prlp_c,7090
pro__L_c,6286
progly_c,73594
protrna_c,6287
prpp_c,58017
psclys_c,61425
pser__L_c,7692
ptrc_c,8650
pydx_c,8667
pydx5p_c,8668
pyr_c,8685
q8h2_c,61682
quin_c,8715
quln_c,8663
r15bp_c,68819
r1p_c,57720
r5p_c,22413
rbflvrd_c,8798
rbl__L_c,6295
rdmbzi_c,10329
rib__D_c,47013
ribflv_c,8843
rml_c,6293
rml1p_c,6294
rmn_c,6292
s7p_c,9083
sbt6p_c,9202
sbzcoa_c,57364
sel_c,9088
seln_c,9089
selnp_c,9101
ser__D_c,4245
ser__L_c,9116
seramp_c,61645
sheme_c,9166
sl2a6o_c,7340
so4_c,9335
spmd_c,9218
stcoa_c,9256
suc6p_c,9315
sucarg_c,7372
succ_c,9304
succoa_c,9310
suchms_c,7704
sucorn_c,7375
tag6p__D_c,58695
tagdp__D_c,58694
tartr__D_c,45873
taur_c,9406
td2coa_c,61405
thr__L_c,6308
thrtrna_c,6309
thymd_c,9579
tma_c,9732
tmao_c,9733
toctd2eACP_c,80388
trdox_c,7845
trdrd_c,15033
tre_c,46211
trnaarg_c,29171
trnacys_c,29167
trnaglu_c,29175
trnagly_c,29176
trnahis_c,29178
trnapro_c,29177
trnaser_c,29179
trnathr_c,29180
trnatrp_c,29181
u3aga_c,61537
u3hga_c,9807
uaccg_c,9818
uacmamu_c,9825
uagmda_c,61543
uama_c,9830
uamag_c,9832
uamr_c,9827
udcpdp_c,9863
udp_c,9802
udpLa4fn_c,58709
udpg_c,9895
ugmda_c,9833
ump_c,9849
unaga_c,62959
uppg3_c,9905
ura_c,9882
uracp_c,59889
urea_c,9888
uri_c,9893
utp_c,9850
xan_c,48517
xmp_c,57464
xtp_c,61314
xu5p__L_c,6328
xylu__L_c,6326
zn2_c,49982
12ppd__S_e,45065
15dap_e,58384
26dap__M_e,57791
3amp_e,60880
3hpp_e,40000
3hpppn_e,57277
4hoxpacd_e,20417
5mtr_e,78440
LalaDglu_e,61566
acald_e,40533
acgal_e,7201
acgam_e,7123
acgam1p_e,7125
acmum_e,7212
acnam_e,7214
acser_e,7668
ag_e,49468
agm_e,58145
akg_e,40661
ala_B_e,63070
ala__L_e,76050
all__D_e,4093
amp_e,47222
arab__L_e,6182
aso3_e,49900
asp__L_e,6193
btn_e,57586
cbi_e,48529
cd2_e,48775
cl_e,5590
cm_e,94390
cmp_e,60377
crn_e,6202
crn__D_e,51453
csn_e,41732
cu2_e,49550
cys__D_e,41887
cys__L_e,6207
cytd_e,41709
dcyt_e,4407
dgmp_e,57673
dha_e,5453
dimp_e,837
din_e,4413
doxrbcn_e,64816
dtmp_e,63549
dump_e,47722
duri_e,46293
enlipa_e,60085
enter_e,77805
etoh_e,52092
fald_e,5142
fe2_e,49599
fe3_e,49595
fe3hox_e,4992
fecrm_e,5019
feoxam_e,84700
fru_e,5172
frulys_e,63523
fruur_e,59881
fuc__L_e,48204
g1p_e,58601
g3pc_e,76433
g3pe_e,57952
g3pi_e,64715
g3ps_e,64945
galt_e,53575
galur_e,75525
gam_e,58723
gbbtn_e,20484
gdp_e,65180
glc__D_e,4167
glcn_e,42715
glcr_e,42731
glcur_e,58720
glcur1p_e,681
gln__L_e,6227
glu__L_e,76051
glyald_e,4186
glyc_e,5448
glyc__R_e,41990
glyc2p_e,58083
glyclt_e,5475
gsn_e,5564
gthox_e,7840
gua_e,5563
h_e,5584
h2_e,5785
h2o_e,5594
hdca_e,7896
hg2_e,5714
his__L_e,6240
hom__L_e,6246
hxan_e,5841
idon__L_e,6250
ile__L_e,6255
imp_e,5849
indole_e,5900
isetac_e,61904
k_e,8345
lcts_e,613009
lipa_e,58540
lipa_cold_e,61556
malt_e,6668
malthx_e,6667
maltpt_e,62006
maltttr_e,6671
met__D_e,57932
met__L_e,6829
metsox_S__L_e,6272
mg2_e,6635
mincyc_e,77906
minohp_e,58130
mnl_e,6686
mso3_e,6813
n2o_e,7598
ni2_e,49786
no2_e,7585
novbcn_e,7644
o2s_e,7710
ocdcea_e,7741
peamn_e,8063
phe__L_e,8089
pppn_e,8103
pro__L_e,6286
progly_e,73594
psclys_e,61425
pser__L_e,7692
ptrc_e,8650
pydx_e,8667
pyr_e,8685
quin_e,8715
r5p_e,22413
rfamp_e,8858
rib__D_e,47013
rmn_e,6292
sbt__D_e,9201
sel_e,9088
ser__D_e,4245
ser__L_e,9116
so4_e,9335
spmd_e,9218
succ_e,9304
sucr_e,9314
tartr__D_e,45873
taur_e,9406
thr__L_e,6308
thrp_e,58675
thymd_e,9579
tma_e,9732
tmao_e,9733
tre_e,46211
tyrp_e,8171
udpacgal_e,9820
udpg_e,9895
ump_e,9849
ura_e,9882
urea_e,9888
uri_e,9893
xan_e,48517
xmp_e,57464
xylu__L_e,6326
zn2_e,49982
12ppd__S_p,45065
15dap_p,58384
1agpe140_p,85215
1agpe160_p,73134
1agpg160_p,75376
1ddecg3p_p,72682
26dap__M_p,57791
2agpe160_p,132926
3amp_p,60880
3hpp_p,40000
3hpppn_p,57277
4hoxpacd_p,20417
5mtr_p,78440
LalaDglu_p,61566
acald_p,40533
acgal_p,7201
acgam_p,7123
acgam1p_p,7125
acmum_p,7212
acnam_p,7214
acser_p,7668
agm_p,58145
akg_p,40661
ala_B_p,63070
ala__L_p,76050
all__D_p,4093
amp_p,47222
arab__L_p,6182
aso3_p,49900
asp__L_p,6193
btn_p,57586
cbi_p,48529
cd2_p,48775
cl_p,5590
clpn140_p,62862
clpn181_p,105685
cm_p,94390
cmp_p,60377
crn_p,6202
crn__D_p,51453
csn_p,41732
ctbt_p,48867
cu2_p,49550
cys__D_p,41887
cys__L_p,6207
cytd_p,41709
dcyt_p,4407
dgmp_p,57673
dha_p,5453
dimp_p,837
din_p,4413
doxrbcn_p,64816
dtmp_p,63549
dump_p,47722
duri_p,46293
enlipa_p,60085
enter_p,77805
etoh_p,52092
fald_p,5142
fe2_p,49599
fe3_p,49595
fe3hox_p,4992
fecrm_p,5019
feoxam_p,84700
fru_p,5172
frulys_p,63523
fruur_p,59881
fuc__L_p,48204
g1p_p,58601
g3pc_p,76433
g3pe_p,57952
g3pi_p,64715
g3ps_p,64945
galt_p,53575
galur_p,75525
gam_p,58723
gbbtn_p,20484
gdp_p,65180
glc__D_p,4167
glcn_p,42715
glcr_p,42731
glcur_p,58720
glcur1p_p,681
gln__L_p,6227
glu__L_p,76051
glyald_p,4186
glyc_p,5448
glyc__R_p,41990
glyc2p_p,58083
glyclt_p,5475
gsn_p,5564
gthox_p,7840
gua_p,5563
h_p,5584
h2_p,5785
h2o_p,5594
hdca_p,7896
hg2_p,5714
his__L_p,6240
hom__L_p,6246
hxan_p,5841
idon__L_p,6250
ile__L_p,6255
imp_p,5849
indole_p,5900
isetac_p,61904
k_p,8345
lcts_p,613009
lipa_p,58540
lipa_cold_p,61556
malt_p,6668
malthx_p,6667
maltpt_p,62006
maltttr_p,6671
met__D_p,57932
met__L_p,6829
metsox_S__L_p,6272
mg2_p,6635
mincyc_p,77906
minohp_p,58130
mnl_p,6686
mso3_p,6813
n2o_p,7598
ni2_p,49786
no2_p,7585
novbcn_p,7644
o2s_p,7710
ocdcea_p,7741
pa160_p,73246
pe160_p,73127
pe180_p,47766
peamn_p,8063
phe__L_p,8089
pppn_p,8103
pro__L_p,6286
progly_p,73594
psclys_p,61425
pser__L_p,7692
ptrc_p,8650
pydx_p,8667
pyr_p,8685
quin_p,8715
r5p_p,22413
rfamp_p,8858
rib__D_p,47013
rmn_p,6292
sbt__D_p,9201
sel_p,9088
ser__D_p,4245
ser__L_p,9116
so4_p,9335
spmd_p,9218
succ_p,9304
sucr_p,9314
tartr__D_p,45873
taur_p,9406
thr__L_p,6308
thrp_p,58675
thymd_p,9579
tma_p,9732
tmao_p,9733
tre_p,46211
tyrp_p,8171
udcpdp_p,9863
udpacgal_p,9820
udpg_p,9895
ump_p,9849
ura_p,9882
urea_p,9888
uri_p,9893
xan_p,48517
xmp_p,57464
xylu__L_p,6326
zn2_p,49982
2dhglcn_c,59504
2kmb_c,63388
dkmpp_c,59505
mmcoa__R_c,57326
1ag3p_SC_c,78166
1mncam_c,646
1p3h5c_m,62612
1pyr5c_m,12409
23dhmb_m,15684
23dhmp_m,49258
2ahbut_m,49256
2ahhmd_m,73083
2dda7p_m,58394
2dglc_c,90760
2mbac_c,50585
2mbac_e,50585
2mbald_c,19692
2mbald_e,19692
2mbtoh_c,48945
2mbtoh_e,48945
2mcit_m,58853
2mppal_c,48943
2mppal_e,48943
2oxoadp_m,57499
2phetoh_c,8096
2phetoh_e,8096
34hpp_m,594665
3c3hmp_e,35128
3dh5hpb_m,58373
3hanthrn_c,61150
3hdcoa_x,62616
3hddcoa_x,62558
3hhdcoa_x,62613
3mbald_m,8392
3mob_m,43714
3mop_e,401
3odcoa_x,62548
3ohdcoa_x,57349
3ohodcoa_x,71407
3ophb_5_m,84492
3otdcoa_x,62543
4aabutn_c,20303
4abut_m,59888
4abutn_m,58264
4abz_m,44778
4gudbutn_c,86564
4h2oglt_m,36148
4hbz_m,44949
4hbzcoa_m,57356
4hpro_LT_c,63137
4mzym_c,63841
5aop_e,356416
5dpmev_c,57557
5fthf_m,65340
6pgl_r,57955
ACP_m,2458
L2aadp6sa_c,6162
cysi__L_v,63163
Lfmkynr_c,6215
NPmehis_c,70959
Nfortyr_c,50603
Ssq23epx_c,372
Ssq23epx_r,372
T4hcinnm_m,58152
acACP_m,2409
ac_m,40486
accoa_x,57288
aces_c,47622
aces_e,47622
acg5sa_m,7152
acrn_m,7669
ade_m,40579
adn_m,40911
adp_x,87518
ahcys_m,8945
akg_x,40661
alltt_e,30837
alpam_m,50622
amet_e,8946
amp_x,47222
apep_c,7463
aproa_c,58374
aprop_c,27959
arab__D_c,46994
arab__D_e,46994
arg__L_m,6185
arg__L_v,6185
asn__L_m,6191
asn__L_v,6191
asp__L_x,6193
atp_g,57299
atp_m,57299
atp_n,57299
atp_v,57299
caphis_c,966
cdp_n,58069
cdpchol_c,58779
cit_m,79399
cmusa_c,995
co2_g,48829
co2_m,48829
co2_n,48829
co2_v,48829
coa_r,741566
coa_x,741566
crn_x,6202
cyst__L_x,6205
dadp_n,57667
dann_e,58500
dcdp_n,58593
ddcacoa_x,6392
dhap_m,57642
dhf_m,57451
dhlam_m,4568
dhpt_m,4581
dnad_m,58437
dnad_n,58437
dolichol_c,67131
dolmanp_r,57523
dolp_c,23875
dolp_r,23875
dpcoa_m,57328
dttp_e,58370
e4hglu_c,6331
e4hglu_x,6331
e4p_m,48153
epm_c,4808
ergtetrol_c,4824
ergtetrol_r,4824
f26bp_c,58579
fecost_c,52361
fecost_e,52361
fmettrna_m,7283
fmn_e,58210
focytc_m,5033
for_m,5145
fum_m,5190
g6p_B_c,58247
gcald_m,5474
ggdp_c,58756
glp_c,57780
glu5sa_m,6225
glu__L_x,76051
glutrna_m,6232
gly_m,57305
glyc3p_m,57597
gmp_g,58115
gthrd_m,57925
gthrd_v,57925
gtp_m,57600
h2o2_m,5586
h2o2_n,5586
h2o_r,5594
h2o_x,5594
hLkynr_c,58125
h_r,5584
h_x,5584
hco3_m,5589
hco3_n,5589
hcys__L_x,66952
hdca_x,7896
hdd2coa_x,61526
hemeA_m,61715
hemeO_m,61719
hexdp_m,58179
histrna_m,6243
hmgcoa_c,11814
hpglu_c,9489
iamoh_c,43359
iamoh_e,43359
ibutac_c,50569
ibutac_e,50569
ibutoh_c,46645
ibutoh_e,46645
icit_x,5998
id3acald_c,5902
id3acald_e,5902
iletrna_m,6256
ind3ac_m,5905
ind3acnl_c,24804
ind3eth_c,5910
ind3eth_e,5910
indpyr_c,5917
ipdp_m,6037
itacon_m,6074
lac__D_m,43701
lac__L_m,422
leu__L_m,6260
leu__L_v,6260
leutrna_m,6262
lpam_m,83094
lys__L_m,6264
lys__L_v,6264
malACP_m,6662
mal__L_m,423
malcoa_m,6661
manmi1p__D_c,60448
mev__R_c,43870
mhpglu_c,58207
minohp_c,58130
mlthf_m,1989
nac_m,7559
nad_r,7422
nad_x,7422
nadh_r,7423
nadh_x,7423
nadp_m,7424
nadph_m,7425
ncam_m,7556
nh4_m,7435
nh4_n,7435
nmn_m,7557
o2_m,7860
oaa_e,7812
oaa_x,7812
occoa_x,7724
oh1_c,5594
orn_m,7784
oxag_m,7814
pacald_m,8084
pan4p_m,7914
pap_m,58343
pendp_m,57907
pheme_m,60344
phetrna_m,6283
pi_g,7793
pi_m,7793
pi_n,7793
pi_v,7793
pmtcoa_x,7898
ppcoa_m,8479
ppi_m,8683
ppi_n,8683
ppmi12346p_c,58628
psph1p_c,64795
psph1p_r,64795
pyr_x,8685
q6h2_m,52970
ribflv_e,8843
rnam_c,7337
saccrp__L_c,7406
sbt__D_c,9201
sbt__L_c,6223
sbt__L_e,6223
sdhlam_m,8971
sph1p_c,9222
sph1p_r,9222
sql_c,9245
sql_r,9245
stcoa_x,9256
sucr_c,9314
tchola_v,9408
td2coa_x,61405
thf_m,9482
thmpp_m,9532
trdox_x,7845
trdrd_x,15033
trnaasn_m,29172
trnaasp_m,29186
trnaile_m,29174
trnaleu_m,29169
trnalys_m,29185
trnamet_m,29173
trnaphe_m,29184
trnatyr_m,29182
trnaval_m,29183
trp__L_m,9769
trptrna_m,6312
tyr__L_m,9800
tyr__L_v,9800
tyrtrna_m,6318
udpacgal_c,9820
udpgal_g,9811
val__L_m,87977
valtrna_m,6322
xylt_c,60939
xylt_e,60939
2ombz_c,28423
3mbdhl_c,8931
4izp_c,77893
Stmyn_c,9284
acmama_c,84933
alpro_c,8951
bgly_c,606565
cpppg1_c,62631
dhlpro_c,4570
fdxox_c,7836
fdxrd_c,8792
forglu_c,7274
hepdp_c,58206
lac6p_c,79080
lpro_c,6500
male_c,6653
nop_c,7620
octp_c,67037
pime_c,44980
salcn6p_c,9003
salcn_e,26591
udcp_c,15283
uppg1_c,28766
urcan_c,27248
pep_p,8147
3pg_e,58272
3pg_p,58272
feroxB_e,5044
feroxE_e,60261
scys__L_c,22075
pep_e,8147
tag__D_e,16443
rnam_p,7337
2pg_p,88350
guln__L_p,21318
guln__L_e,21318
icit_p,5998
icit_e,5998
2pg_e,88350
oaa_p,7812
tag__D_p,16443
rnam_e,7337
copre2_c,60053
diact_e,4479
5aptn_c,12111
oxptn_c,16120
rbt_e,15963
cellb_e,36217
glutcoa_c,14326
salcn_c,26591
cellb_p,36217
3hoxpac_e,20076
peng_e,7962
peng_p,7962
3hoxpac_p,20076
6apa_e,12207
6apa_p,12207
salcn_p,26591
cellb_c,36217
arab__D_p,46994
nicrns_c,58527
3hmp_c,18064
5mthf_m,2097
ahcys_n,8945
amuco_c,16886
dhor__S_n,42132
f6p_B_c,16084
3hacoa_x,11046
acoa_x,4987
lald__L_m,6349
cdpglc_c,3271
stys_c,9248
dhmtp_c,58795
tdp_c,61417
hkmpp_c,58829
5cmhm_c,10741
5cohe_c,47961
2ohed_c,1254
3hoxpac_c,20076
1pipdn2c_c,77631
6p2dhglcn_c,2229
2dhglcn_p,59504
2dhglcn_e,59504
R_3hddcoa_c,74276
3mbzalc_c,20123
3oxoadp_c,11870
3oxoadp_e,11870
3oxoadp_p,11870
coucoa_c,85531
5odhf2a_c,11871
4mbzald_c,28617
4mbzalc_c,25828
4mcat_c,12025
2omcm_c,1243
2hmc_c,12038
2mb2coa_c,11614
2mp2coa_c,1208
C04051_c,20544
5apentam_c,12110
nh3_c,13407
5g2oxpt_c,1249
dmgly_c,17724
bz12diol_c,18340
bzal_c,22697
34dhbald_c,50205
ccmuac_c,36501
conialdh_c,16547
fer_c,14259
co2dam_c,23331
4hbald_c,17597
ficytc_c,8789
co1dam_c,28531
cala_c,11892
dhbpt_c,20680
dna5mtc_c,17493
fer_e,14259
m_xyl_e,25100
p_xyl_e,45248
tol_e,17578
vanln_e,48387
vanlt_e,9933
cytcc_c,4056
ferulcoa_c,15511
vanln_c,48387
fer_p,14259
Nforglu_c,21710
S_gtrdhdlp_c,22047
glutrna_gln_c,13345
2maacoa_c,19687
m_xyl_c,25100
m_xyl_p,25100
nfmalm_c,59930
omaenol_c,1792
pre3b_c,14872
pre3a_c,58561
p_xyl_c,45248
p_xyl_p,45248
seasmet_c,9066
selmeth_c,47569
tol_p,17578
tol_c,17578
vanlt_c,9933
vanlt_p,9933
vanln_p,48387
pime_e,44980
4hglusa_c,62637
acryl_c,19766
focytcc553_c,5040
mycolate_c,25438
sl1_c,26828
tres_c,60091
decda_tb_c,65066
dtt_c,42102
qh2_c,15278
peamn_c,8063
phthiocerol_c,59240
uaGgla_c,13386
uGgla_c,13494
uaAgla_c,21616
PIM2_c,68562
uaagtmda_c,22688
uaaAgtla_c,28267
adfdRD_c,16906
coa_e,741566
bmn_e,62828
2dglcn_c,11564
copre8_c,70792
cobya_c,58894
copre4_c,3792
bmn_c,62828
m1ocdca_c,69188
4h3npacald_p,71287
4hoxpacd_c,20417
4h3npacald_c,71287
hphaccoa_c,28773
ppoh_c,8472
rbt_c,15963
d5kgp_c,27685
im4ac_c,12017
im4act_c,5874
fuc1p__L_c,12212
fuc1p__L_e,12212
nad_e,7422
pa_EC_c,57739
pgp_EC_c,60110
diact_c,4479
malon_c,14563
mtpp_c,1438
Pald_c,26070
codscl5a_c,52488
codscl7_c,70791
codscl8x_c,3795
thrp_c,58675
cdpabeq_c,57619
feroxB_c,5044
feroxE_c,60261
feroxE_p,60261
feroxB_p,5044
guln__L_c,21318
3opimcoa_c,15492
4hbutcoa_c,28522
4hglu_c,32811
5mcsn_c,2094
6hch1eccoa_c,57361
6occhcoa_c,2206
Lcyst_c,44708
Ncbmpts_c,12497
acetone_c,2398
benzcoa_c,15515
butpi_c,22952
ch15deccoa_c,14049
citac_c,17626
citm_c,3725
cspmd_c,65072
dptne_c,4648
ficytC_c,5038
ficytb_c,5022
focytC_c,8789
fut_c,51310
laccoa_c,57382
n2_c,14660
phenol_c,50526
polglu_c,8296
pphos_c,37548
r3mmal_c,4271
udpxyl_c,57632
2obut_e,39748
4crsol_e,44726
4hbald_e,17597
Lcyst_e,44708
aso4_e,81880
bzal_e,22697
ibt_e,48944
mn4_e,25158
n2_e,14660
oxa_e,7811
phenol_e,50526
ppoh_e,8472
2obut_p,39748
4crsol_p,44726
4hbald_p,17597
Lcyst_p,44708
aso4_p,81880
bzal_p,22697
ibt_p,48944
n2_p,14660
oxa_p,7811
phenol_p,50526
ppoh_p,8472
h_u,5584
caro_c,40987
echin_c,4746
biliverd_c,41124
fdxo_2_2_c,17908
phdp_c,8197
cholphya_c,3631
h2o_u,5594
2m6phol_c,75920
lycop_c,15948
hmppp9_c,77664
photon_c,14383
bvite_c,22855
neuspn_c,25511
dmtphllqne_c,31087
cu2_u,49550
photon_e,14383
photon_p,14383
glcglyc_c,133635
glcglyc_p,133635
glcglyc_e,133635
1mpyr_c,647
2amac_c,1013
3hpcoa_c,58528
3spyr_c,16894
3uib_c,74414
48dhoxquin_c,28883
4tmeabutn_c,16244
56dthm_c,20510
5forthf_c,57456
5hxkynam_c,20589
acgal_c,7201
adhap_hs_c,22231
ak2g_hs_c,52595
ak2gchol_hs_c,36702
ak2lgchol_hs_c,11242
akdhap_hs_c,21941
asp__D_c,20919
cholate_c,16359
chsterol_c,23204
coumarin_c,41552
creat_c,3910
cysam_c,58029
dhdascb_c,14108
dheas_c,61003
ebastine_c,31528
estradiol_c,42475
estriol_c,42467
galt_c,53575
gam_c,58723
glcur1p_c,681
gpail_hs_c,53054
hista_c,14401
iodine_c,14461
leuktrC4_c,6422
limnen_c,18468
lnlc_c,6479
lnlccoa_c,6480
lnlnca_c,528881
lnlncacoa_c,74034
nifedipine_c,7565
nrpphr_c,72587
pa_hs_c,33848
pcollglys_c,18180
prgnlone_c,26241
q10_c,46245
q10h2_c,64183
selcyst_c,6297
selhcys_c,84850
tag__D_c,16443
taxol_c,45862
tdchola_c,3590
tmlys_c,12672
tolbutamide_c,27019
trypta_c,27161
txa2_c,9575
xu1p__D_c,6327
10fthf_e,15637
1mncam_e,646
35cgmp_e,57746
acetone_e,2398
adp_e,87518
adprib_e,57967
ak2lgchol_hs_e,11242
asp__D_e,20919
bvite_e,22855
caro_e,40987
cholate_e,16359
chsterol_e,23204
coumarin_e,41552
creat_e,3910
dhdascb_e,14108
dheas_e,61003
ebastine_e,31528
estradiol_e,42475
hista_e,14401
idp_e,5848
leuktrC4_e,6422
limnen_e,18468
lnlc_e,6479
lnlnca_e,528881
nifedipine_e,7565
nrpphr_e,72587
oh1_e,5594
sph1p_e,9222
taxol_e,45862
tdchola_e,3590
tolbutamide_e,27019
txa2_e,9575
udp_e,9802
utp_e,9850
ac_g,40486
camp_g,58165
chol_g,72322
cholp_g,44707
cmpacna_g,13276
gdpfuc_g,57984
man_g,4208
na1_g,9175
pap_g,58343
pe_hs_g,14803
uacgam_g,9823
udpglcur_g,9846
4abut_l,59888
ade_l,40579
adn_l,40911
ala__D_l,57416
cholp_l,44707
dad_2_l,4405
damp_l,58245
dcmp_l,57566
dgsn_l,4412
dhf_l,57451
dpcoa_l,57328
gal_l,42741
gly_l,57305
gmp_l,58115
h2o2_l,5586
ins_l,5927
malttr_l,6672
man_l,4208
meoh_l,6816
pi_l,7793
thf_l,9482
xyl__D_l,65327
2mbcoa_m,57336
2mop_m,16256
3aib_m,57731
3hibutcoa_m,18749
3hmbcoa_m,15449
3mb2coa_m,15486
3sala_m,8973
4ppan_m,4082
5hoxindact_m,20583
L2aadp_m,6161
aact_m,58320
acac_m,40507
bamppald_m,22830
betald_m,41256
bhb_m,322
btamp_m,62414
cbl1_m,60488
cdp_m,58069
chol_m,72322
citr__L_m,66922
cyan_m,5786
dadp_m,57667
dcdp_m,58593
dcmp_m,57566
dctp_m,61481
dd2coa_m,57330
decdp_m,87356
dgsn_m,4412
didp_m,62286
dtdp_m,58369
glx_m,5509
glyb_m,41139
gmp_m,58115
h2co3_m,13351
hpyr_m,5813
ibcoa_m,57338
ins_m,5927
ivcoa_m,57345
mmcoa__S_m,57327
n4abutn_m,7386
od2coa_m,71412
pe_hs_m,14803
phpyr_m,8105
pnto__R_m,7916
pyam5p_m,8670
sarcs_m,9029
sl__L_m,402
so3_m,9344
sucsal_m,9305
tcynt_m,9550
tdcoa_m,9475
thm_m,9530
thmmp_m,9533
tsul_m,9569
6pthp_n,9113
ach_n,22197
chol_n,72322
cmpacna_n,13276
dag_hs_n,18035
dcmp_n,57566
dctp_n,61481
didp_n,62286
dna_n,13302
dtdp_n,58369
for_n,5145
gmp_n,58115
gtp_n,57600
lys__L_n,6264
nadp_n,7424
nadph_n,7425
nmn_n,7557
o2_n,7860
ppmi1346p_n,58130
retn_n,26536
thbpt_n,26902
4hpro_LT_r,63137
6pgc_r,58759
acald_r,40533
accoa_r,57288
adp_r,87518
akg_r,40661
amet_r,8946
amp_r,47222
cbp_r,58228
chsterol_r,23204
crn_r,6202
dheas_r,61003
ebastine_r,31528
estradiol_r,42475
estriol_r,42467
fad_r,57692
fadh2_r,58307
frdp_r,50277
glc__D_r,4167
glcur_r,58720
glu__L_r,76051
guln__L_r,21318
hdca_r,7896
hmgcoa_r,11814
leuktrC4_r,6422
mev__R_r,43870
pa_hs_r,33848
prgnlone_r,26241
pro__L_r,6286
succ_r,9304
tmlys_r,12672
txa2_r,9575
udp_r,9802
udpacgal_r,9820
udpg_r,9895
udpxyl_r,57632
ump_r,9849
1pipdn2c_x,77631
3hbcoa_x,62611
3hpcoa_x,58528
5dpmev_x,57557
5g2oxpt_x,1249
aacoa_x,57286
acald_x,40533
adhap_hs_x,22231
akdhap_hs_x,21941
ala__L_x,76050
asp__D_x,20919
b2coa_x,58669
dmpp_x,8394
etoh_x,52092
fad_x,57692
fadh2_x,58307
fald_x,5142
forcoa_x,57376
frdp_x,50277
glyclt_x,5475
grdp_x,58057
hmgcoa_x,11814
hxan_x,5841
mev__R_x,43870
o2s_x,7710
orn__D_x,21066
oxa_x,7811
prpncoa_x,26301
ser__L_x,9116
succ_x,9304
taur_x,9406
tdchola_x,3590
xan_x,48517
2plac__L_c,45013
7mhp_c,80591
7ohp_c,80588
7mht_c,80592
6ax_c,16586
Rh2cit_c,72697
alac__S_e,58476
dpgps_c,74853
hatrz_c,5800
glyc1p_c,231935
cdpg_c,28699
f390a_c,62784
f420_2_c,59541
f390g_c,62786
tih2cit_c,72713
h2acon_C_c,72708
hacon_C_c,13920
cob_c,12534
com_c,13366
f430_c,3808
f420_0_c,59907
f420_1_c,59536
ptp_c,52242
h4mpt_c,58103
h2mpt_c,2251
2tcc_c,73964
Largn_c,13081
asptrna_asn_c,13252
cdp_inost_c,62566
lmn2_c,11747
manttr_c,62973
mnl_c,6686
xyl4_c,62972
lmn2_e,11747
manttr_e,62973
clpn140_c,62862
clpn181_c,105685
ham_c,14421
udcpdp_e,9863
10fthf_x,15637
10fthfglu__L_m,19110
13dpg_f,57604
13dpg_h,57604
13dpg_m,57604
13oocdcy1829Z11Ea_c,68948
13Shpocdcy1829Z11Ea_c,18619
1acpc_h,19028
1acpc_m,19028
1Dgali_h,689
1odecg3p_h,74850
23dhmb_h,15684
23dhmp_h,49258
25aics_h,576
26dmani_e,956
2ahbut_h,49256
2aobut_x,78948
2dda7p_h,58394
2mbdhl_m,8929
2me4p_h,58262
2mecdp_h,58483
2mhob_m,80223
2mpdhl_m,8930
2pglyc_x,58033
34hpp_h,594665
3dhsk_h,42005
3hddecACP_h,325
3hhcoa_x,62075
3hhexACP_h,326
3hib_m,62638
3hivcoa_m,20073
3hlido_c,80567
3hocoa_x,62617
3htdcoa_m,62614
3ig3p_h,58866
3mob_h,43714
3oddcoa_m,62615
3oddecACP_h,1637
3odecACP_h,1634
3ohcoa_x,62418
3ohexACP_h,1642
3omrsACP_h,1655
3oocoa_m,62619
3ooctACP_h,1646
3pg_x,58272
3php_h,30933
3psme_h,57701
3sala_h,8973
4abut_h,59888
4abutn_h,58264
4c2me_h,57823
4fumacac_n,30907
4mlacac_n,47904
4pasp_h,57535
4r5au_h,57573
5aprbu_h,58421
5flurimp_c,40101
6tgsnmp_c,80613
6tins5mp_c,2332
ac_h,40486
acACP_h,2409
acaro_u,10215
accoa_s,57288
achms_h,7667
ACP_h,2458
actACP_h,2393
adhlam_h,12738
adhlam_m,12738
aflburppa_c,80625
ahcys_g,8945
ahcys_h,8945
aicar_h,58475
allphn_m,9889
alltn_m,74345
ans_c,13836
anth_h,40980
apocytc_h,13849
apocytc_m,13849
aps_h,58243
aps_m,58243
aps_n,58243
atp_f,57299
atp_h,57299
avite1_h,46509
bamppald_h,22830
bilirub_h,22870
btcoa_x,57371
camp_n,58165
caro_u,40987
cat_c,3307
cholphya_u,3631
chlld_h,57942
chldb_h,38209
chor_h,3677
citalald_c,80607
citalo_c,80602
citalppa_c,80605
citr__L_h,66922
co_h,41526
co2_h,48829
coa_s,741566
cpppg3_h,57309
cytc_h,18070
cytc_m,18070
dadp_h,57667
damp_h,58245
damp_m,58245
dc2coa_m,61406
ddmcital_c,80604
degly_e,80633
dhap_f,57642
dhap_h,57642
dhdascb_u,14108
dhlam_h,4568
dhor__S_m,42132
dmcital_c,80603
23dmphol_h,75921
dnad_h,58437
doldp_c,57497
dolmanp_c,57523
dscl_h,8370
dtocophe_h,23607
dxyl5p_h,622
e4p_h,48153
ecaro_h,32549
echin_u,4746
f2p_h,57267
fdp_B_f,28013
fdp_B_h,28013
fdp_B_m,28013
fdxox_u,7836
fdxrd_u,8792
ficytc_x,8789
focytb5_c,5037
focytc_h,5033
for_h,5145
fru_B_c,42560
fum_h,5190
g6p_A_c,42748
gal_h,42741
gal_n,42741
gal1p_h,58336
galctn__D_n,4132
gcarote_h,27740
ggdp_u,58756
ggl_h,57500
Glc_aD_h,42802
glc__bD_h,20999
glu5p_x,6230
glucys_h,58173
glutrna_h,6232
glx_h,5509
gly_h,57305
glyc3p_h,57597
gthox_u,7840
gthrd_h,57925
gtp_h,57600
h_s,5584
h2mb4p_h,632
h2o_s,5594
h2o2_h,5586
h2s_h,5787
hco3_h,5589
hdca_s,7896
hgentis_h,5755
hisp_h,6242
hmbil_h,5809
so3_h,9344
hx2coa_m,62077
inost_h,52772
ipdp_h,6037
lac__L_h,422
cysi__L_h,63163
leu__L_h,6260
lpam_h,83094
lumirhodopsin_s,6562
malACP_h,6662
malcoa_h,6661
mal__L_f,423
mal__L_h,423
man_h,4208
man6p_h,58735
melib_h,6733
melt_h,6732
metarhodopsin_s,6796
methf_x,57455
mfecostrl_c,80094
mg2_u,6635
mi12356p_c,47139
mi3p__D_n,814
mmtsa_m,27821
mnt_h,31005
mppp9_h,14552
na1_h,9175
na1_m,9175
nad_s,7422
nadh_s,7423
nadp_f,7424
nadp_h,7424
nadph_f,7425
nadph_h,7425
nh4_h,7435
no_h,7583
o2_h,7860
obfool_c,17791
oc2coa_x,62242
ocdca_h,45710
octa_h,44501
omppp9_h,77665
orn_h,7784
orot_m,7787
pap_h,58343
2p4c2me_h,57919
phdp_u,8197
pe1819Z1819Z_c,84839
pe1819Z1819Z_e,84839
pheme_h,60344
phphbda_h,38257
phpyr_h,8105
phytol_h,14836
pi_f,7793
pi_h,7793
pmtcoa_s,7898
ppcoa_h,8479
ppcoa_n,8479
ppi_h,8683
pram_h,58681
pran_h,7091
prbamp_h,8166
prbatp_h,8167
protds_h,8565
protdt_h,14953
prpncoa_c,26301
pyphphbda_h,48398
q8_m,61683
raffin_h,8771
rb15bp_h,57870
retinal_h,22348
retpalm_s,8819
retpalm_11_cis_s,19121
ru5p__D_h,58121
s17bp_h,9081
scl_h,9167
selcys_h,21385
selcys_m,21385
slnt_m,9090
sertrna_sec_m,74589
skm_h,9133
skm5p_h,9134
sprm_h,9219
sucald_c,80762
sucsal_h,9305
tag1601819Z160_c,75688
tag1601819Z1819Z_c,75848
tag1801819Z1819Z_c,89970
tag1819Z18111Z1819Z_c,88970
tag1819Z1819Z160_c,75583
tag1819Z1819Z180_c,77686
tddec2eACP_h,10725
tdec2eACP_h,10724
tgua_c,9555
tgua_e,9555
thcys_h,9551
thex2eACP_h,10727
thf_h,9482
thmpp_h,9532
tmrs2eACP_h,10735
tpalm2eACP_h,10729
tre6p_n,58429
trnaala_m,29170
trnaval_h,29183
trp__L_h,9769
tsul_h,9569
tyr__L_h,9800
udg_m,9890
udparab_g,9814
udpgal_h,9811
udpsq_h,9810
upp1_h,27484
upp3_h,27255
urate_m,9885
urdglyc_m,9891
val__L_h,87977
valtrna_h,6322
xu5p__D_h,57737
gtocophe_h,12406
zcarote_h,27362
zxan_u,10223
2h3k5m_c,50605
2h3opp_c,57978
2hxmp_c,974
2hxmp_e,974
2pglyc_e,58033
3amba_c,37081
3amba_e,37081
3amp_c,60880
3hbycoa_c,39978
3mtp_c,1438
6ampenc_c,12207
6pgc_e,58759
DPA_c,36171
L_alagly_c,73786
L_alagly_e,73786
L_sergly_c,74814
L_thrgly_c,74859
Larab_e,28351
abt__L_c,21234
abt__L_e,21234
ala_L_gln__L_c,73788
ala_L_gln__L_e,73788
ala_L_ile__L_c,73805
ala_L_met__L_c,73806
ala_L_phe__L_c,73807
ala_L_ser__L_c,73394
ala_L_trp__L_c,73808
ala_L_val__L_c,73809
ctbt_e,48867
cyst__L_e,6205
dcal_c,31457
dccoa_c,28493
ddcal_c,4679
diala__L_c,16576
fmet_c,7279
galctr__D_c,24136
galctr__D_e,24136
galogs_c,5257
glcurn_c,18268
glu__D_e,4183
gly_gln__L_c,74392
gly_gln__L_e,74392
gly_leu__L_c,73514
gly_phe__L_c,133047
glycogen_e,5466
hqn_e,5793
imzac_c,24776
imzacd_c,27398
inoshp_c,19200
isomal_c,6026
lanth_c,25013
lanth_e,25013
man1p_e,58409
met_L_his__L_c,74703
met_L_met__L_c,74707
met_L_tyr__L_c,73615
mql7_c,64834
mqn7_c,44245
nebari_c,14969
nona_c,25861
nonal_c,84268
ocdcal_c,14679
octal_c,11268
orn__L_c,18257
orn__L_e,18257
pala_c,7893
pala_e,7893
pencil_c,51356
pencilca_c,7968
prolb_c,26272
prolb_e,26272
pur_c,17939
pur_e,17939
quc_c,26472
ribflvRD_c,8798
ser_L_gln__L_c,74808
ser_L_phe__L_c,71029
ser_L_ser__L_c,73653
ser_L_tyr__L_c,73652
ser_L_val__L_c,74823
shcl_c,58827
starch_e,9251
stchs_c,26749
tartr__M_c,35400
thiog_c,26966
thiog_e,26966
trans_dd2coa_c,19790
ttdcal_c,84067
udca_c,32368
udcal_c,46202
acngalacglcgalgluside_hs_g,61235
retpalm_e,8819
so4_r,9335
hcys__L_e,66952
34dhmald_m,1382
3aap_c,30322
3aap_x,30322
3ddcrn_c,73056
3ddcrn_e,73056
3deccrn_c,73051
3deccrn_e,73051
3hexdcrn_c,73070
3hexdcrn_e,73070
3mox4hpac_m,28111
3ohodcoa_r,71407
4abut_n,59888
4hpro_LT_e,63137
4mop_e,48430
56iqcrbxlt_c,81394
5mta_e,44181
5mthf_n,2097
C01241_c,14799
C01241_r,14799
C01836_c,7542
C02147_c,45226
C02442_c,7327
C02470_c,71201
C02470_e,71201
C02528_m,36234
C02712_m,21557
C02744_c,26371
C03405_g,78426
C03413_c,58550
C03413_x,58550
C03681_c,12175
C04295_m,2710
C04308_m,64427
C04805_c,65341
C04805_r,65341
C04805_x,65341
C04849_m,18597
C04849_n,18597
C05284_c,27967
C05284_r,27967
C05298_l,1156
C05299_c,1189
C05299_r,1189
C05300_c,60497
C05300_r,60497
C05301_c,28744
C05301_r,28744
C05957_m,26332
C06199_c,5764
C06315_c,6499
C06315_r,6499
C06315_x,6499
C06350_c,18715
C07535_c,3045
C07535_r,3045
C09209_c,5623
C09642_c,113
C11304_m,8937
C13856_c,34261
C13856_r,34261
C14769_c,84025
C14769_r,84025
C14770_c,76625
C14770_r,76625
C14825_c,84023
C14825_r,84023
C14849_c,34564
C14849_r,34564
C14849_x,34564
C14851_c,34560
C14851_r,34560
C14851_x,34560
CE0074_n,76451
CE0737_c,43895
CE1243_c,63977
CE1447_c,19122
CE1554_m,40992
CE1617_c,50648
CE1617_r,50648
CE1787_c,29995
CE1957_c,53794
CE2011_c,133907
CE2011_e,133907
CE2053_c,63979
CE2053_r,63979
CE2084_c,34460
CE2084_x,34460
CE2122_c,72782
CE2180_l,87602
CE2201_c,47214
CE2202_m,47803
CE2206_m,47812
CE2207_m,47813
CE2211_c,11909
CE2211_r,11909
CE2242_c,75064
CE2246_c,71456
CE2248_n,71408
CE2249_c,52326
CE2251_c,65115
CE2253_n,73977
CE2314_r,80173
CE2565_r,63989
CE2705_n,64277
CE2874_c,30661
CE2891_c,80347
CE2934_c,68455
CE3038_c,81015
CE3481_g,78209
CE3554_c,133434
CE3554_r,133434
CE4633_c,24757
CE4633_e,24757
CE4810_c,37685
CE4835_c,76416
CE4876_m,10537
CE4890_c,88540
CE4936_c,7210
CE4968_m,70984
CE4969_m,70979
CE4970_m,86366
CE4990_c,742
CE4990_r,742
CE4990_x,742
CE4993_c,134519
CE4993_x,134519
CE5141_c,134520
CE5251_m,87263
CE5252_c,87262
CE5252_r,87262
CE5252_x,87262
CE5276_l,74684
CE5531_m,133440
CE5586_c,48007
CE5643_c,25942
CE5656_c,58923
CE5661_c,63992
CE5665_c,74683
CE5726_c,90230
CE5747_c,71980
CE5797_c,80141
CE5797_e,80141
CE5865_c,73523
CE5869_c,74567
CE5869_e,74567
CE5945_c,134437
CE5945_r,134437
CE5946_c,133323
CE5946_r,133323
CE5968_c,50928
CE5968_x,50928
CE5994_x,133433
CE5995_x,133439
CE6229_x,74016
CE6232_c,133084
CE6232_r,133084
CE6251_c,90990
CE6251_r,90990
CE6448_c,38271
CE7081_r,90819
CE7082_c,88347
CE7088_c,134407
CE7090_n,81563
CE7091_c,32949
CE7091_r,32949
CE7091_x,32949
CE7096_c,72867
CE7172_c,88459
CN0016_c,35861
CN0016_r,35861
CN0020_c,59032
CN0020_r,59032
HC00591_c,19747
HC00695_m,8971
HC00832_c,21295
HC00900_c,30861
HC01104_e,1915
HC01115_c,29025
HC01231_c,21463
HC01254_c,136565
HC01361_e,71175
HC01376_m,28692
HC01377_m,27462
HC01434_c,58931
HC01434_x,58931
HC01435_m,1463
HC01440_e,1566
HC01446_e,1567
HC01577_e,10565
HC01651_c,24080
HC01712_m,28391
HC01842_c,31997
HC02172_c,10113
HC02172_e,10113
HC02195_c,80774
HC02195_e,80774
HC02196_c,132030
HC02196_e,132030
HC02197_c,60007
HC02197_e,60007
HC02202_m,92069
HC02203_m,26315
HC02205_c,28099
HC02205_e,28099
HC02206_c,57399
HC02206_e,57399
HC02213_c,28031
HC02213_e,28031
HC02214_c,28852
HC02214_e,28852
HC02217_c,82629
HC02217_e,82629
Lkynr_m,67010
acgalfucgalacgalfuc12gal14acglcgalgluside_cho_c,28574
acgalfucgalacgalfuc12gal14acglcgalgluside_cho_e,28574
acgam_r,7123
acglcgalgluside_cho_g,12565
acngal14acglcgalgluside_cho_g,58665
acngalacglcgal14acglcgalgluside_cho_g,61850
adn_n,40911
ahdt_e,58462
apppa_c,12728
arach_m,28822
c4crn_m,21949
c8crn_c,73039
c8crn_e,73039
c8crn_x,73039
cbasp_e,7257
cdpchol_r,58779
cdpdag_cho_m,13269
chito2pdol_c,12427
cholate_r,16359
cholate_x,16359
cl_x,5590
co2_l,48829
cpppg1_e,62631
crm_cho_c,7242
crm_cho_e,7242
crm_cho_r,7242
crmp_cho_c,57674
crmp_cho_e,57674
ctp_e,58231
cysam_e,58029
dad_2_n,4405
damp_n,58245
dchac_c,23616
dchac_e,23616
dchac_r,23616
dcholcoa_m,62989
dgtp_e,61429
dhea_m,93823
dhnpthld_c,501
digalsgalside_cho_c,28848
digalsgalside_cho_e,28848
digalside_cho_c,23717
dmarg_c,86468
doco13ac_c,23275
docoscoa_m,65059
docoscoa_n,65059
doldp_r,57497
dolichol_r,67131
dopa_l,59905
epo_g,81579
estrone_l,17263
fad_e,57692
fol_m,5140
fuc12gal14acglcgalgluside_cho_g,9795
fuc14galacglcgalgluside_cho_c,21431
fuc14galacglcgalgluside_cho_e,21431
fucacgalfucgalacglcgalgluside_cho_c,62656
fucacgalfucgalacglcgalgluside_cho_e,62656
fucacngal14acglcgalgluside_cho_c,62374
fucacngal14acglcgalgluside_cho_e,62374
fucfuc12gal14acglcgalgluside_cho_c,62562
fucfuc12gal14acglcgalgluside_cho_e,62562
fucgal14acglcgalgluside_cho_c,90379
fucgal14acglcgalgluside_cho_e,90379
fucgalacglcgal14acglcgalgluside_cho_g,61648
fumpyr_c,47940
g1m8mpdol_r,10248
ga1_cho_g,5341
galacgalfuc12gal14acglcgalgluside_cho_g,62575
galacglcgalgluside_cho_g,5242
galfucgalacglcgal14acglcgalgluside_cho_g,90154
galgbside_cho_g,62571
gbside_cho_c,61360
gbside_cho_e,61360
gd1b_cho_g,87785
gd1c_cho_g,87990
gd2_cho_g,5247
gd3_cho_g,21151
gluside_cho_g,12971
gluside_cho_l,12971
glyleu_c,73514
glyleu_e,73514
glyphe_c,133047
glyphe_e,133047
glypro_c,70744
glypro_e,70744
gm1_cho_g,61048
gm1b_cho_g,78568
gp1calpha_cho_g,87802
gq1balpha_cho_c,82609
gq1balpha_cho_e,82609
gq1c_cho_g,87994
gt1a_cho_g,27691
gt1alpha_cho_g,78571
gt1b_cho_g,5232
gt1c_cho_g,87789
hdd2coa_r,61526
hlys_c,60175
houdic_c,58639
inost_g,52772
leuktrA4_n,14503
leuleu_c,6418
leuleu_e,6418
lnlc_r,6479
lnlccoa_r,6480
lnlccoa_x,6480
lnlnca_r,528881
m2mpdol_c,460
m5mpdol_r,37634
m6mpdol_r,18830
malcoa_l,6661
malcoa_n,6661
nadp_l,7424
nadph_l,7425
naglc2p_c,7136
ncam_n,7556
npthld_c,49554
nrpphr_r,72587
o2_g,7860
o2_l,7860
oagd3_cho_g,61730
ocdca_m,45710
ocdcea_r,7741
od2coa_n,71412
pac_m,8085
pail345p_cho_c,26039
pail345p_cho_r,26039
pail34p_cho_c,11285
pail35p_cho_c,57923
pail35p_cho_r,57923
pail3p_cho_g,58088
pail3p_cho_n,58088
pail45p_cho_c,28910
pail45p_cho_r,28910
pail4p_cho_c,675
pail5p_cho_g,11290
pail5p_cho_m,11290
pail5p_cho_n,11290
pail_cho_c,679
pail_cho_r,679
pchol_cho_c,61995
pchol_cho_e,61995
pchol_cho_r,61995
phaccoa_m,8086
pheacgly_m,25983
pholys_c,57882
pmtcoa_r,7898
prpp_e,58017
ps_cho_g,57262
ps_cho_m,57262
ptrc_x,8650
ptth_m,25843
pydx5p_e,8668
q10_e,46245
q10h2_e,64183
r5p_r,22413
selhcys_r,84850
selmeth_r,47569
ser__L_r,9116
spc_cho_c,52897
spc_cho_e,52897
spmd_x,9218
succoa_x,9310
tcynt_l,9550
tcynt_n,9550
tdechola_c,36261
tdechola_e,36261
tdechola_x,36261
thcrm_cho_g,20969
thf_n,9482
thym_m,9580
udpgal_n,9811
urate_n,9885
xolest_cho_c,23205
xolest_cho_e,23205
xolest_cho_r,23205
ribflv_p,8843
fad_p,57692
fmn_p,58210
cholate_p,16359
2dglc_p,90760
2dglc_e,90760
3hmop_c,49257
rb15bp_cx,57870
hco3_cx,5589
co2_cx,48829
o2_cx,7860
2ahethmpp_c,58939
dvpchlda_c,29578
5g2oxpt_p,1249
k_u,8345
f6p_h,57634
g6p_h,61548
fdp_h,49299
thdp_h,864
glc__D_x,4167
pep_x,8147
2ddg6p_m,11543
acon_C_m,32805
acg5sa_h,7152
3php_m,30933
lys__L_h,6264
h2s_m,5787
2ippm_h,58085
thbpt_m,26902
etha_m,57603
mi3p__D_h,814
mi3p__D_m,814
inost_m,52772
ficytb5_m,14243
cholp_m,44707
1agpe140_c,85215
1agpe160_c,73134
1tdecg3p_h,72683
pg160_h,75159
3hodcoa_m,87561
vaccoa_m,57396
dad_5_m,40099
actACP_m,2393
3ohexACP_m,1642
3hhexACP_m,326
thex2eACP_m,10727
3ooctACP_m,1646
3odecACP_m,1634
tdec2eACP_m,10724
3oddecACP_m,1637
3hddecACP_m,325
tddec2eACP_m,10725
3omrsACP_m,1655
tmrs2eACP_m,10735
tpalm2eACP_m,10729
pg160_m,75159
clpn160_m,104586
5hiu_c,12137
5houdic_c,31132
asn__L_h,6191
ascb__L_m,43473
ascb__L_h,43473
cynt_m,3968
m5mpdol_c,37634
m6mpdol_c,18830
g1m8mpdol_c,10248
4ampm_h,58354
dad_5_h,40099
thmmp_h,9533
thm_h,9530
thmtp_h,9534
2shchc_h,57272
sucbz_h,44788
sbzcoa_x,57364
dhna_x,539
8aonn_m,57532
dtbt_m,57861
25drapp_h,927
trnagln_h,29168
glntrna_h,5433
trnaala_h,29170
trnaasn_h,29172
sertrna_sec_h,74589
trnaleu_h,29169
leutrna_h,6262
histrna_h,6243
trnaphe_h,29184
phetrna_h,6283
trptrna_h,6312
iasp_m,77875
zeax_h,27547
anxan_h,27867
vioxan_h,46568
neoxan_h,32446
achms_m,7667
rbl__D_h,4241
phllqne_h,45148
12ppd__R_c,44863
13dpg_c,57604
1odecg3p_c,74850
1pyr5c_c,12409
1tdecg3p_c,72683
23dappa_c,876
23dhacoa_c,68471
23dhb_c,885
23dhmb_c,15684
23dhmp_c,49258
23doguln_c,60793
25aics_c,576
25drapp_c,927
2agpe180_c,133145
2ahbut_c,49256
2amsa_c,77662
2dda7p_c,58394
2ddg6p_c,11543
2ddglcn_c,57990
2dh3dgal_c,57990
2dmmq8_c,48455
2dr5p_c,62877
2fe2s_c,64605
2ippm_c,58085
2mcit_c,58853
2me4p_c,58262
2mecdp_c,58483
2omhmbl_c,61705
2oxpaccoa_c,63252
2p4c2me_c,57919
2sephchc_c,58818
2shchc_c,57272
2tpr3dpcoa_c,61378
34hpp_c,594665
3amac_c,59894
3dhguln_c,57655
3dhgulnp_c,58774
3dhsk_c,42005
3hcinnm_c,47928
3hddecACP_c,325
3hhexACP_c,326
3hodcoa_c,87561
3htdcoa_c,62614
3ig3p_c,58866
3mob_c,43714
3oddcoa_c,62615
3oddecACP_c,1637
3odecACP_c,1634
3ohexACP_c,1642
3omrsACP_c,1655
3oocoa_c,62619
3ooctACP_c,1646
3ophb_c,50116
3php_c,30933
3psme_c,57701
3sala_c,8973
4abut_c,59888
4abutn_c,58264
4abz_c,44778
4adcho_c,58406
4ampm_c,58354
4c2me_c,57823
4fe4s_c,33725
4hbz_c,44949
4hthr_c,60904
4mhetz_c,46320
4pasp_c,57535
4per_c,58766
4ppan_c,4082
4r5au_c,57573
5aprbu_c,58421
5caiz_c,58730
5dglcn_c,58143
5fthf_c,65340
5mthf_c,2097
5prdmbz_c,7355
8aonn_c,57532
ACP_c,2458
LalaLglu_c,61565
N1aspmd_c,7356
Sfglutth_c,8956
aacald_c,58213
aact_c,58320
ac_c,40486
acACP_c,2409
acac_c,40507
acanth_c,7194
acg5sa_c,7152
acgam6p_c,7127
acglc__D_c,62111
acmana_c,7141
acmanap_c,7142
acmum6p_c,58722
acon_C_c,32805
acon_T_c,46108
actACP_c,2393
ade_c,40579
adn_c,40911
adocbip_c,58502
adphep_DD_c,59967
adphep_LD_c,61530
ahcys_c,8945
aicar_c,58475
ala__D_c,57416
alaala_c,57822
alltn_c,74345
allul6p_c,81499
altrn_c,58707
anth_c,40980
ap5a_c,62041
appl_c,610
aps_c,58243
ara5p_c,79058
arbtn_fe3_c,58396
arg__L_c,6185
asn__L_c,6191
athtp_c,71394
atp_c,57299
betald_c,41256
ca2_c,48760
camp_c,58165
cbl1_c,60488
cbm_c,44573
cdg_c,61125
cdp_c,58069
cdpdhdec9eg_c,104012
cdpdodec11eg_c,104362
cdpdtdec7eg_c,103990
cechddd_c,60088
cgly_c,61694
chol_c,72322
chor_c,3677
cinnm_c,45845
cit_c,79399
citr__L_c,66922
ckdo_c,86284
co2_c,48829
cobalt2_c,48828
cpgn_c,83101
cph4_c,61126
cpmp_c,60210
cpppg3_c,57309
crnDcoa_c,62194
crncoa_c,60932
cu_c,49552
cyan_c,5786
cynt_c,3968
dad_2_c,4405
dad_5_c,40099
dadp_c,57667
damp_c,58245
dc2coa_c,61406
dcdp_c,58593
dcmp_c,57566
dctp_c,61481
dd2coa_c,57330
dgsn_c,4412
dhap_c,57642
dhcinnm_c,58642
dhf_c,57451
dhor__S_c,42132
dhpt_c,4581
dhptd_c,29484
didp_c,62286
dms_c,4611
dmso_c,4612
dnad_c,58437
dpcoa_c,57328
dscl_c,8370
dtbt_c,57861
dtdp_c,58369
dtdp4aaddg_c,68518
dtdp4d6dg_c,62829
dtdp4d6dm_c,62830
dtdprmn_c,61119
dxyl_c,621
dxyl5p_c,622
e4p_c,48153
etha_c,57603
ethso3_c,61909
f6p_c,57634
fcl__L_c,6219
fdp_c,49299
feenter_c,70745
fmettrna_c,7283
fmnh2_c,8782
for_c,5145
fprica_c,58467
fum_c,5190
g3pg_c,61933
g6p_c,61548
gal_c,42741
gal1p_c,58336
galct__D_c,5250
galctn__D_c,4132
galctn__L_c,53071
galt1p_c,60083
gam1p_c,58516
gam6p_c,58725
gcald_c,5474
gdpfuc_c,57984
gg4abut_c,58800
ggptrc_c,48006
glntrna_c,5433
glu5sa_c,6225
glucys_c,58173
glutrna_c,6232
glx_c,5509
gly_c,57305
glyb_c,41139
glyc3p_c,57597
gmhep17bp_c,59957
gmp_c,58115
gthrd_c,57925
gtp_c,57600
h2mb4p_c,632
h2o2_c,5586
h2s_c,5787
hco3_c,5589
hemeO_c,61719
hisp_c,6242
histrna_c,6243
hmbil_c,5809
hpyr_c,5813
hx2coa_c,62077
hxa_c,5702
iasp_c,77875
iletrna_c,6256
inost_c,52772
ins_c,5927
ipdp_c,6037
kdo_c,85986
kdo2lipid4_c,60365
lac__D_c,43701
lac__L_c,422
lald__L_c,6349
leu__L_c,6260
leutrna_c,6262
lipidA_c,863
lipoamp_c,83864
lipoate_c,83088
lys__L_c,6264
lyx__L_c,62321
mal__D_c,44073
mal__L_c,423
malACP_c,6662
malcoa_c,6661
malthp_c,62010
malttr_c,6672
man_c,4208
man6p_c,58735
melib_c,6733
meoh_c,6816
metsox_R__L_c,6272
mlthf_c,1989
mmcoa__S_c,57327
mmet_c,8965
mn2_c,49749
mobd_c,6967
moco_c,79026
mococdp_c,60536
mocogdp_c,60535
mql8_c,61684
mthgxl_c,6875
mththf_c,44800
n8aspmd_c,7420
na1_c,9175
na15dap_c,64860
nac_c,7559
nadp_c,7424
nadph_c,7425
ncam_c,7556
nh4_c,7435
nmn_c,7557
no_c,7583
no3_c,7580
o2_c,7860
ocdca_c,45710
octa_c,44501
octdp_c,57711
od2coa_c,71412
ohpb_c,58538
orn_c,7784
orot_c,7787
oxadpcoa_c,57348
oxalcoa_c,7817
oxam_c,7818
oxur_c,7816
pa140_c,84266
pa180_c,83774
pac_c,8085
pacald_c,8084
pan4p_c,7914
pap_c,58343
pg140_c,60723
pg160_c,75159
phaccoa_c,8086
pheme_c,60344
phetrna_c,6283
phpyr_c,8105
phthr_c,7690
pi_c,7793
pnto__R_c,7916
poaac_c,59892
ppal_c,8468
ppcoa_c,8479
ppi_c,8683
pram_c,58681
pran_c,7091
prbamp_c,8166
prbatp_c,8167
ps160_c,84523
ps180_c,84519
pyam5p_c,8670
pydam_c,8669
pydxn_c,8671
q8_c,61683
rhcys_c,90364
ru5p__D_c,58121
ru5p__L_c,6296
s17bp_c,9081
sarcs_c,9029
scl_c,9167
sertrna_sec_c,74589
skm_c,9133
skm5p_c,9134
sl26da_c,7342
slnt_c,9090
so2_c,9351
so3_c,9344
sucbz_c,44788
sucglu_c,7373
sucgsa_c,7374
sucsal_c,9305
sulfac_c,58824
tagur_c,59451
tartr__L_c,45866
tcynt_c,9550
tdcoa_c,9475
tddec2eACP_c,10725
tdec2eACP_c,10724
thdp_c,864
thex2eACP_c,10727
thf_c,9482
thm_c,9530
thmmp_c,9533
thmnp_c,71177
thmpp_c,9532
thptdn_c,9487
thym_c,9580
tmrs2eACP_c,10735
tpalm2eACP_c,10729
tre6p_c,58429
trnaala_c,29170
trnaasn_c,29172
trnaasp_c,29186
trnagln_c,29168
trnaile_c,29174
trnaleu_c,29169
trnalys_c,29185
trnamet_c,29173
trnaphe_c,29184
trnatyr_c,29182
trnaval_c,29183
trp__L_c,9769
trptrna_c,6312
tsul_c,9569
tungs_c,46502
tyr__L_c,9800
tyrtrna_c,6318
u23ga_c,82845
uacgam_c,9823
uacmam_c,9824
udcpp_c,9864
udpLa4n_c,58708
udpLa4o_c,58710
udpgal_c,9811
udpgalfur_c,67118
udpglcur_c,9846
ugmd_c,9831
unagamu_c,62960
urate_c,9885
urdglyc_c,9891
val__L_c,87977
valtrna_c,6322
xdp_c,59884
xtsn_c,27327
xu5p__D_c,57737
xyl__D_c,65327
xylu__D_c,6326
12ppd__R_e,44863
23camp_e,823
23ccmp_e,824
23cgmp_e,825
23cump_e,826
23dappa_e,876
2ddglcn_e,57990
34dhpac_e,27978
3cmp_e,60875
3gmp_e,60732
3hcinnm_e,47928
3ump_e,60784
4abut_e,59888
5dglcn_e,58143
LalaLglu_e,61565
ac_e,40486
acac_e,40507
acgal1p_e,61970
acmana_e,7141
ade_e,40579
adn_e,40911
ala__D_e,57416
alaala_e,57822
alltn_e,74345
arbt_e,2806
arbtn_fe3_e,58396
arg__L_e,6185
ascb__L_e,43473
asn__L_e,6191
ca2_e,48760
cbl1_e,60488
cgly_e,61694
chol_e,72322
chtbs_e,701011
cit_e,79399
co2_e,48829
cobalt2_e,48828
cpgn_e,83101
cu_e,49552
cyan_e,5786
cynt_e,3968
dad_2_e,4405
damp_e,58245
dcmp_e,57566
dgsn_e,4412
dms_e,4611
dmso_e,4612
dopa_e,59905
etha_e,57603
ethso3_e,61909
f6p_e,57634
feenter_e,70745
for_e,5145
fum_e,5190
fusa_e,71321
g3pg_e,61933
g6p_e,61548
gal_e,42741
gal_bD_e,42889
gal1p_e,58336
galct__D_e,5250
galctn__D_e,4132
galctn__L_e,53071
gam6p_e,58725
gly_e,57305
glyb_e,41139
glyc3p_e,57597
gmp_e,58115
gthrd_e,57925
gtp_e,57600
h2o2_e,5586
h2s_e,5787
hxa_e,5702
inost_e,52772
ins_e,5927
kdo2lipid4_e,60365
lac__D_e,43701
lac__L_e,422
leu__L_e,6260
lipoate_e,83088
lys__L_e,6264
lyx__L_e,62321
mal__D_e,44073
mal__L_e,423
malttr_e,6672
man_e,4208
man6p_e,58735
manglyc_e,851
melib_e,6733
meoh_e,6816
metsox_R__L_e,6272
mmet_e,8965
mn2_e,49749
mobd_e,6967
na1_e,9175
nac_e,7559
nh4_e,7435
nmn_e,7557
no_e,7583
no3_e,7580
o2_e,7860
ocdca_e,45710
octa_e,44501
orn_e,7784
orot_e,7787
pacald_e,8084
pheme_e,60344
pi_e,7793
pnto__R_e,7916
ppal_e,8468
ppt_e,8154
pydam_e,8669
pydxn_e,8671
skm_e,9133
slnt_e,9090
so2_e,9351
so3_e,9344
sulfac_e,58824
tartr__L_e,45866
tcynt_e,9550
thm_e,9530
thym_e,9580
trp__L_e,9769
tsul_e,9569
ttrcyc_e,9474
tungs_e,46502
tym_e,9799
tyr__L_e,9800
uacgam_e,9823
udpgal_e,9811
udpglcur_e,9846
val__L_e,87977
xtsn_e,27327
xyl__D_e,65327
12ppd__R_p,44863
1agpe180_p,83047
1agpg140_p,73092
1agpg180_p,73091
1agpg181_p,72952
1odecg3p_p,74850
1tdecg3p_p,72683
23camp_p,823
23ccmp_p,824
23cgmp_p,825
23cump_p,826
23dappa_p,876
2agpe180_p,133145
2ddglcn_p,57990
34dhpac_p,27978
3cmp_p,60875
3gmp_p,60732
3hcinnm_p,47928
3ump_p,60784
4abut_p,59888
5dglcn_p,58143
LalaLglu_p,61565
ac_p,40486
acac_p,40507
acgal1p_p,61970
acmana_p,7141
ade_p,40579
adn_p,40911
ala__D_p,57416
alaala_p,57822
alltn_p,74345
arbt_p,2806
arbtn_fe3_p,58396
arg__L_p,6185
ascb__L_p,43473
asn__L_p,6191
ca2_p,48760
cbl1_p,60488
cgly_p,61694
chol_p,72322
chtbs_p,701011
cit_p,79399
clpn160_p,104586
clpn161_p,104873
co2_p,48829
cobalt2_p,48828
cpgn_p,83101
cu_p,49552
cyan_p,5786
cynt_p,3968
dad_2_p,4405
damp_p,58245
dcmp_p,57566
dgsn_p,4412
dms_p,4611
dmso_p,4612
dopa_p,59905
etha_p,57603
ethso3_p,61909
f6p_p,57634
feenter_p,70745
for_p,5145
fum_p,5190
fusa_p,71321
g3pg_p,61933
g6p_p,61548
gal_p,42741
gal_bD_p,42889
gal1p_p,58336
galct__D_p,5250
galctn__D_p,4132
galctn__L_p,53071
gam6p_p,58725
gly_p,57305
glyb_p,41139
glyc3p_p,57597
gmp_p,58115
gthrd_p,57925
gtp_p,57600
h2o2_p,5586
h2s_p,5787
hxa_p,5702
inost_p,52772
ins_p,5927
kdo2lipid4_p,60365
lac__D_p,43701
lac__L_p,422
leu__L_p,6260
lipoate_p,83088
lpp_p,6495
lys__L_p,6264
lyx__L_p,62321
mal__D_p,44073
mal__L_p,423
malttr_p,6672
man_p,4208
man6p_p,58735
manglyc_p,851
melib_p,6733
meoh_p,6816
metsox_R__L_p,6272
mmet_p,8965
mn2_p,49749
mobd_p,6967
na1_p,9175
nac_p,7559
nh4_p,7435
nmn_p,7557
no_p,7583
no3_p,7580
o2_p,7860
ocdca_p,45710
octa_p,44501
orn_p,7784
orot_p,7787
pa140_p,84266
pa180_p,83774
pacald_p,8084
pg140_p,60723
pg160_p,75159
pheme_p,60344
pi_p,7793
pnto__R_p,7916
ppal_p,8468
ppt_p,8154
pydam_p,8669
pydxn_p,8671
skm_p,9133
slnt_p,9090
so2_p,9351
so3_p,9344
sulfac_p,58824
tartr__L_p,45866
tcynt_p,9550
thm_p,9530
thym_p,9580
trp__L_p,9769
tsul_p,9569
ttrcyc_p,9474
tungs_p,46502
tym_p,9799
tyr__L_p,9800
uacgam_p,9823
udcpp_p,9864
udpgal_p,9811
udpglcur_p,9846
val__L_p,87977
xtsn_p,27327
xyl__D_p,65327
4hba_c,67410
5mdr1p_c,58533
5mdru1p_c,58548
hmfurn_c,74456
pmcoa_c,57360
10fthf_m,15637
1Dgali_c,689
1p3h5c_c,62612
23camp_c,823
2dhp_m,19545
2doxg6p_c,84760
2hb_c,73709
2hb_e,73709
2hhxdal_c,50626
2hp6mp_m,1109
2mbald_m,19692
2mbtoh_m,48945
2mppal_m,48943
2obut_m,39748
2oxoadp_c,57499
2phetoh_m,8096
34hpl_m,36659
34hpp_x,594665
3c3hmp_m,35128
3c4mop_m,19975
3dh5hpb_c,58373
3dsphgn_c,58299
3hodcoa_x,87561
3hph5mb_m,57916
3htdcoa_x,62614
3mbald_c,8392
3mbald_e,8392
3mop_m,401
3oddcoa_x,62615
3ohxccoa_x,73980
3ophb_5_c,84492
4abz_e,44778
4fumacac_c,30907
4gudbd_c,58365
4h2oglt_c,36148
4h2oglt_x,36148
4hglusa_m,62637
4hpro_LT_m,63137
4mlacac_c,47904
4mop_m,48430
5aop_m,356416
5pmev_c,58146
6dg_c,6733
8aonn_e,57532
Dara14lac_c,4102
L2aadp_c,6161
cysi__L_c,63163
Lkynr_c,67010
N1sprm_c,7357
aacoa_m,57286
abt_c,6184
abt_e,6184
ac_x,40486
acald_m,40533
accoa_m,57288
accoa_n,57288
acg5p_m,7151
acglu_m,87274
achms_c,7667
acorn_m,7368
acrn_c,7669
acrn_x,7669
actn__R_c,43026
acybut_c,28474
adp_g,87518
adp_m,87518
adp_n,87518
adp_v,87518
adprib_m,57967
akg_m,40661
akg_n,40661
ala__L_m,76050
alac__S_m,58476
allphn_c,9889
alpro_m,8951
amet_m,8946
amp_m,47222
amp_n,47222
aprut_c,7222
argtrna_m,6189
asntrna_m,6192
asp__L_m,6193
asp__L_n,6193
asp__L_v,6193
atp_x,57299
b124tc_m,58174
btamp_c,62414
cbasp_n,7257
cbp_n,58228
cdpea_c,57876
ch4s_c,6814
chitos_c,57704
cholp_c,44707
cit_x,79399
cmp_m,60377
co2_x,48829
coa_m,741566
coa_n,741566
coucoa_m,85531
crn_m,6202
ctp_m,58231
dc2coa_x,61406
dd2coa_x,57330
dgdp_n,58595
dhlpro_m,4570
dhnpt_m,71175
drib_c,90761
dudp_n,60471
dump_n,47722
e4hglu_m,6331
epist_c,50586
epist_e,50586
ergst_c,4825
ergst_e,4825
ergst_r,4825
ethamp_c,58190
etoh_m,52092
fad_m,57692
fadh2_m,58307
fe2_m,49599
ficytc_m,8789
fmn_m,58210
frdp_m,50277
g6p_r,61548
gcald_e,5474
gdp_g,65180
gdp_m,65180
gdp_n,65180
gdpmann_g,84881
ggl_c,57500
glc__D_v,4167
gln__L_n,6227
gln__L_v,6227
glu__L_m,76051
glu__L_n,76051
glu__L_v,76051
gluala_c,50619
glx_e,5509
glx_x,5509
glycogen_v,5466
gsn_m,5564
gthox_m,7840
gua_m,5563
h2o2_x,5586
h2o_g,5594
h2o_m,5594
h2o_n,5594
h2o_v,5594
h_g,5584
h_m,5584
h_n,5584
h_v,5584
hexdp_c,58179
hgentis_c,5755
hicit_m,5756
his__L_m,6240
his__L_v,6240
hmgcoa_m,11814
hxc2coa_x,74281
hxdcal_c,5695
iad_c,5904
iamac_c,31725
iamac_e,31725
iamoh_m,43359
ibutoh_m,46645
icit_m,5998
id3acald_m,5902
idp_m,5848
ile__L_m,6255
ile__L_v,6255
ind3ac_c,5905
ind3eth_m,5910
itaccoa_m,6075
itp_m,61402
lanost_c,6374
lanost_e,6374
lgt__S_m,57474
lpro_m,6500
lystrna_m,6267
m2macchitppdol_g,460
mal__L_x,423
mannan_c,6684
mannan_r,6684
melt_c,6732
met__L_m,6829
methf_m,57455
micit_m,57429
minohp_n,58130
n4abutn_c,7386
nad_m,7422
nad_n,7422
nadh_m,7423
nadp_e,7424
nadp_r,7424
nadp_x,7424
nadph_r,7425
nadph_x,7425
nh4_x,7435
nicrnt_m,7561
nmn_x,7557
o2_r,7860
o2_x,7860
oaa_m,7812
ocdca_x,45710
octa_x,44501
od2coa_x,71412
oh1_m,5594
oxag_c,7814
pad_c,25974
pan4p_x,7914
pant__R_m,44662
pap_e,58343
pap_x,58343
pectin_e,7946
pendp_c,57907
pep_m,8147
pepd_c,7990
pepd_e,7990
phe__L_m,8089
pheac_c,31988
pheac_e,31988
pi_r,7793
pi_x,7793
ppi_x,8683
ppmi1346p_c,58130
ppp9_m,8592
pppg9_m,8593
pro__L_m,6286
prpp_m,58017
psphings_c,64124
psphings_r,64124
ptd2meeta_SC_c,8125
pyr_m,8685
q6_m,52971
quln_m,8663
r1p_m,57720
raffin_c,8771
ribflv_m,8843
ser__L_m,9116
sphgn_c,9221
sphgn_r,9221
sprm_c,9219
sprm_e,9219
srb__L_c,6306
srb__L_e,6306
succ_m,9304
succoa_m,9310
tchola_c,9408
tdcoa_x,9475
tglp_c,7346
thmmp_e,9533
thmpp_e,9532
thmtp_c,9534
thr__L_m,6308
thrtrna_m,6309
trdox_m,7845
trdox_n,7845
trdrd_m,15033
trdrd_n,15033
tre_v,46211
trnaarg_m,29171
trnaglu_m,29175
trnahis_m,29178
trnathr_m,29180
trnatrp_m,29181
tyr__L_x,9800
udp_n,9802
ump_m,9849
ump_n,9849
utp_m,9850
zymst_c,27370
zymst_e,27370
2a3pp_c,999
2hymeph_c,974
2mbcoa_c,57336
2mbdhl_c,8929
2mpdhl_c,8930
2ommb_c,28636
3g12dgr_SA2_c,75799
3pop_c,88256
6pthp_c,9113
Sptmyn_c,9215
adcobhex_c,58504
bz_c,41051
cdpglyc_c,58311
decdp_c,87356
dhlam_c,4568
frmd_c,5143
hemeA_c,61715
ibcoa_c,57338
ivcoa_c,57345
lpam_c,83094
malm_c,6652
n6all26d_c,7410
nal2a6o_c,7148
ncam_e,7556
nh4oh_c,7436
sdhlam_c,8971
drib_e,90761
drib_p,90761
4hphac_e,12014
acon_C_e,32805
tcb_e,62517
tton_e,33483
4hthr_e,60904
dxyl_e,621
dxyl_p,621
chit6p_c,64897
tet_e,16853
cysi__L_p,63163
cysi__L_e,63163
4hthr_p,60904
frmd_e,5143
tcb_p,62517
2ameph_e,19470
tet_p,16853
acon_C_p,32805
2ameph_p,19470
frmd_p,5143
pprdn_c,26145
glutar_c,17859
13ppd_e,14902
bz_e,41051
abt__D_e,18333
4hphac_c,12014
4hphac_p,12014
salc_c,26595
galam6p_c,4137
3ntym_e,71233
cellb6p_c,2233
4hoxpac_e,40091
pac_e,8085
acgal6p_c,21503
raffin_e,8771
pac_p,8085
raffin_p,8771
rbl__D_c,4241
dkfp_c,58861
cmpacna_c,13276
3hibutcoa_c,18749
2hyoxplac_c,28478
am6sa_c,15745
amet_n,8946
3oacoa_x,1629
tmp_c,77120
5pg35pg_c,48622
5cmhmsa_c,11586
24dhhed_c,73036
34dhpha_c,41941
4h2kpi_c,73036
Lpipecol_c,61185
34dhcinm_p,36281
34dhcinm_e,36281
34dhcinm_c,36281
R_3hmrscoa_c,74277
3mbzald_c,20122
m_tol_c,10589
cchoxod_c,1132
3mcat_c,18404
34dhbz_c,14955
34dhbz_p,14955
34dhbz_e,14955
T4hcinnm_c,58152
4cml_c,11534
4hbz_e,44949
4hbz_p,44949
p_tol_c,28856
hmccms_c,28027
oxalc_c,12416
2hchd_c,38351
hmccm_c,19613
chols_e,16822
6hnac_c,12219
dhpyr_c,937
thp2c_c,11409
applp_c,20886
pqqh2_c,18356
pqq_c,18315
6a2ohxnt_c,12205
bhb_c,322
bzalc_c,3053
catechol_c,32402
bz_p,41051
caffcoa_c,87136
2hmcnsad_c,19653
catechol_p,32402
catechol_e,32402
chols_c,16822
chols_p,16822
confrl_c,14016
hgbam_c,27914
confrl_e,14016
confrl_p,14016
focytc_c,5033
24dab_c,13044
dh3mchc_c,18951
dh4mchc_c,49008
thbpt_c,26902
lys__D_c,32557
ptal_c,84069
dna_c,13302
3hmbcoa_c,15449
T4hcinnm_e,58152
ga_e,11686
hco3_e,5589
2ahhmd_c,73083
omaketo_c,58142
ga_c,11686
ga_p,11686
gdbtal_c,1832
h2co3_c,13351
mmtsa_c,27821
4hoxoh_c,27530
3mb2coa_c,15486
mucl_c,19379
CCbuttc_c,12801
pre4_c,14869
pre5_c,14874
pre6b_c,14876
pre6a_c,26225
hgbyr_c,24641
adhlam_c,12738
T4hcinnm_p,58152
aa_c,28619
aa_e,28619
ad_e,22159
ad_c,22159
ficytcc553_c,16951
mql6_c,84536
h2co3_e,13351
pser__D_c,21964
ugam_c,78718
dttOX_c,41830
selcys_c,21385
q_c,9852
uaaGgla_c,13343
uaaAgla_c,9869
ptcys_c,18416
ptth_c,25843
mndn_c,27304
uAgla_c,13465
mppp9_c,14552
2mop_c,16256
mi4p__D_c,18384
mi3p__D_c,814
mcbts_c,31870
Ac1PIM1_c,88053
arach_c,28822
PIM6_c,59636
mocdca_c,68565
uGgl_c,16329
uAgl_c,9837
malthp_e,62010
uaaGgtla_c,27202
5oxpro_c,16010
alpam_c,50622
adfdOX_c,14714
co_e,41526
atp_e,57299
3ddgc_c,57839
decdpr_tb_c,67117
codhpre6_c,72780
copre5_c,3793
copre3_c,60060
co_c,41526
fol_c,5140
3ntym_p,71233
34dhpac_c,27978
4h3npac_c,44475
abt__D_c,18333
3hppnl_c,1552
bhb_p,322
2ins_c,19339
d5kg_c,20560
dkdi_c,20887
36dahx_c,18564
udpgalur_c,16085
13ppd_p,14902
13ppd_c,14902
4met2obut_c,1902
2ameph_c,19470
4hoxpac_p,40091
4hoxpac_c,40091
34dhpacet_c,11697
codscl5b_c,52489
cdp4dh6doglc_c,17494
tcb_c,62517
tton_p,33483
2m3osuc_c,58851
3hpimcoa_c,57343
3mb_c,24930
4hbzcoa_c,57356
ahop_c,86403
btoh_c,22936
bzsucc_c,41241
bzsuccoa_c,57253
cdhxfut_c,64252
cro4_c,33143
dhxfut_c,58864
indaccoa_c,57271
n2ppn_c,44443
phitcoa_c,21124
pp2coa_c,57367
pt2coa_c,86441
ptcoa_c,25893
vaccoa_c,57396
3mb_e,24930
4hba_e,67410
btoh_e,22936
bzalc_e,3053
cro4_e,33143
pta_e,44803
3mb_p,24930
4hba_p,67410
btoh_p,22936
bzalc_p,3053
cro4_p,33143
ps160_p,84523
ps180_p,84519
pta_p,44803
glc__bD_c,20999
34dhmald_c,1382
34dhoxpeg_c,1387
bamppald_c,22830
bcryptox_c,10362
zeax_c,27547
bilirub_c,22870
chlld_c,57942
o2_u,7860
pchlld_c,57855
gcarote_c,27740
23dmphol_c,75921
mppp9om_c,6639
omppp9_c,77665
prephytedp_c,58011
zcarote_c,27362
rb15bp_c,57870
udpsq_c,9810
gtocophe_c,12406
avite1_c,46509
dtocophe_c,23607
phllqne_c,45148
hco3_p,5589
co_p,41526
glcglycp_c,57874
dpterol_c,36484
3aib_c,57731
3hxkynam_c,27421
3mox4hpac_c,28111
3moxtyr_c,1582
46dhoxquin_c,1755
5hoxindact_c,20583
acgal1p_c,61970
acgpail_hs_c,21537
ach_c,22197
aflatoxin_c,22271
ascb__L_c,43473
carveol_c,23046
chtn_c,17029
dag_hs_c,18035
debrisoquine_c,94824
dhea_c,93823
dopa_c,59905
estrone_c,17263
gdchola_c,41520
gullac_c,86660
leuktrA4_c,14503
mhista_c,21768
mma_c,34840
nmptrc_c,17166
normete__L_c,6277
paf_hs_c,63915
pcollg5hlys_c,8441
pe_hs_c,14803
perillyl_c,10782
pristanal_c,49189
retinal_c,22348
retinal_11_cis_c,727
retinol_c,8816
retn_c,26536
sl__L_c,402
srtn_c,28790
thcys_c,9551
tym_c,9799
2mcit_e,58853
34dhoxpeg_e,1387
3aib_e,57731
5fthf_e,65340
5mthf_e,2097
ach_e,22197
aflatoxin_e,22271
arach_e,28822
avite1_e,46509
bhb_e,322
bilirub_e,22870
camp_e,58165
carveol_e,23046
chtn_e,17029
dad_5_e,40099
dag_hs_e,18035
debrisoquine_e,94824
dhf_e,57451
fol_e,5140
gdchola_e,41520
gluala_e,50619
leuktrA4_e,14503
mthgxl_e,6875
paf_hs_e,63915
pe_hs_e,14803
perillyl_e,10782
phllqne_e,45148
retinol_e,8816
retn_e,26536
sarcs_e,9029
sl__L_e,402
srtn_e,28790
tchola_e,9408
thf_e,9482
thmtp_e,9534
urate_e,9885
gtocophe_e,12406
35cgmp_g,57746
T_antigen_g,10387
accoa_g,57288
acgal_g,7201
amp_g,47222
chsterol_g,23204
cmp_g,60377
coa_g,741566
glc__D_g,4167
k_g,8345
lcts_g,613009
pa_hs_g,33848
paps_g,58339
udp_g,9802
udpacgal_g,9820
udpg_g,9895
udpxyl_g,57632
ump_g,9849
10fthf_l,15637
3amp_l,60880
acgal_l,7201
acgam_l,7123
acnam_l,7214
ala__L_l,76050
amp_l,47222
chsterol_l,23204
cmp_l,60377
coa_l,741566
cytd_l,41709
dcyt_l,4407
dgmp_l,57673
dtmp_l,63549
fald_l,5142
fuc__L_l,48204
glc__D_l,4167
glcur_l,58720
glu__L_l,76051
gsn_l,5564
h_l,5584
h2o_l,5594
hxan_l,5841
lcts_l,613009
malt_l,6668
pro__L_l,6286
so4_l,9335
thymd_l,9579
udp_l,9802
udpacgal_l,9820
ump_l,9849
uri_l,9893
2aobut_m,78948
2maacoa_m,19687
2mb2coa_m,11614
2mp2coa_m,1208
3hbcoa_m,62611
3hmp_m,18064
3hpcoa_m,58528
3spyr_m,16894
4aabutn_m,20303
L2aadp6sa_m,6162
Lcyst_m,44708
acetone_m,2398
agm_m,58145
ala_B_m,63070
b2coa_m,58669
btcoa_m,57371
btn_m,57586
cbp_m,58228
chsterol_m,23204
creat_m,3910
cys__L_m,6207
cytd_m,41709
datp_m,61404
dcyt_m,4407
dgdp_m,58595
dgmp_m,57673
dgtp_m,61429
ditp_m,61382
dmgly_m,17724
dtmp_m,63549
dttp_m,58370
dudp_m,60471
dump_m,47722
duri_m,46293
dutp_m,61555
fald_m,5142
ficytC_m,5038
focytC_m,8789
glcr_m,42731
gln__L_m,6227
glu5p_m,6230
glutcoa_m,14326
glyc_m,5448
glyclt_m,5475
hdd2coa_m,61526
im4ac_m,12017
im4act_m,5874
imp_m,5849
lald__D_m,340
lnlccoa_m,6480
lnlncacoa_m,74034
mercppyr_m,6767
mmcoa__R_m,57326
msa_m,33190
o2s_m,7710
occoa_m,7724
pa_hs_m,33848
pmtcoa_m,7898
pppi_m,9744
prgnlone_m,26241
prpncoa_m,26301
ptrc_m,8650
pydx5p_m,8668
q10_m,46245
q10h2_m,64183
r5p_m,22413
saccrp__L_m,7406
so4_m,9335
stcoa_m,9256
thymd_m,9579
udp_m,9802
urea_m,9888
uri_m,9893
35cgmp_n,57746
acnam_n,7214
ahdt_n,58462
btn_n,57586
cmp_n,60377
ctp_n,58231
cytd_n,41709
datp_n,61404
dcyt_n,4407
dgtp_n,61429
ditp_n,61382
dna5mtc_n,17493
dttp_n,58370
duri_n,46293
dutp_n,61555
idp_n,5848
itp_n,61402
mi1p__D_n,818
nicrnt_n,7561
o2s_n,7710
pa_hs_n,33848
ppmi12346p_n,58628
pppi_n,9744
seasmet_n,9066
uri_n,9893
utp_n,9850
acrn_r,7669
ahcys_r,8945
atp_r,57299
bilirub_r,22870
bz_r,41051
chol_r,72322
co2_r,48829
dag_hs_r,18035
dhea_r,93823
estrone_r,17263
ethamp_r,58190
for_r,5145
gthrd_r,57925
gullac_r,86660
hxdcal_r,5695
ipdp_r,6037
lanost_r,6374
leuktrA4_r,14503
man_r,4208
meoh_r,6816
nh4_r,7435
pe_hs_r,14803
ppi_r,8683
retn_r,26536
ru5p__D_r,58121
udpglcur_r,9846
xol25oh_r,42972
zymst_r,27370
zymstnl_r,12170
5a2opntn_x,49268
5pmev_x,58146
6a2ohxnt_x,12205
Lpipecol_x,61185
acac_x,40507
ala__D_x,57416
arg__D_x,4106
dcholcoa_x,62989
dhap_x,57642
gdchola_x,41520
gly_x,57305
hpyr_x,5813
ipdp_x,6037
lys__L_x,6264
malcoa_x,6661
mmcoa__S_x,57327
na1_x,9175
ppcoa_x,8479
pristanal_x,49189
sarcs_x,9029
tchola_x,9408
thp2c_x,11409
urate_x,9885
actn__R_e,43026
S2hglut_c,11036
6ax6ax_c,12433
hacon_T_c,80582
Rh3cit_c,72699
2ppoh_c,26280
atrz_c,49479
h3acon_C_c,72711
ch4s_e,6814
ch4_e,29434
ch4_c,29434
h4spt_c,59924
mh4spt_c,64289
dma_c,42136
mcom_c,17827
dma_e,42136
ddhrb_c,37430
ind3ac_e,5905
mma_e,34840
hspmd_c,16554
lppg_c,59435
2saa_c,58246
glc__aD_c,37625
chtbs_c,701011
gal_bD_c,42889
xyl3_c,62797
xylb_c,27342
xyl3_e,62797
xylb_e,27342
clpn160_c,104586
clpn161_c,104873
citr__L_e,66922
udcpp_e,9864
10fthf_h,15637
10fthfglu__L_c,19110
13Shocdcy1829Z11Ea_c,34154
1acpc_c,19028
1agpe180_c,83047
1btol_c,28885
2ahethmpp_h,58939
2ahethmpp_m,58939
2cpr5p_h,58613
2dhp_n,19545
2h34hppr_c,12016
2h3oppan_m,57978
2mhop_m,45938
2obut_h,39748
2pg_f,88350
2pg_h,88350
2pg_m,88350
2pglyc_h,58033
3c3hmp_h,35128
3dhq_h,42078
3hdcoa_m,62616
3hddcoa_m,62558
3hhcoa_m,62075
3hhdcoa_m,62613
3hmoa_h,11812
3hmop_h,49257
3hocoa_m,62617
3mbdhl_m,8931
3mhtpp_m,80220
3mop_h,401
3odcoa_m,62548
3ohcoa_m,62418
3ohdcoa_m,57349
3oocoa_x,62619
3opalmACP_h,1639
3opcoa_c,1652
3otdcoa_m,62543
3pg_f,58272
3pg_h,58272
3pg_m,58272
3spyr_h,16894
4hpro_LT_g,63137
4mop_h,48430
4ogm_c,30883
56dh5flura_c,80624
5aizc_h,77657
5aop_h,356416
5apru_h,59551
5flura_c,46345
5flura_e,46345
5hiu_m,12137
5houdic_m,31132
5mta_h,44181
5mta_m,44181
6mpur_c,94796
6mpur_e,94796
6pgc_h,58759
6pgl_h,57955
6txan5mp_c,80612
aact_x,58320
ac_s,40486
acald_h,40533
acaro_h,10215
accoa_h,57288
acser_h,7668
acser_m,7668
actp_h,46262
actp_m,46262
adp_f,87518
adp_h,87518
adpglc_h,57498
aflbala_c,80626
agm_n,58145
air_h,58592
akg_h,40661
ala_B_h,63070
alac__S_h,58476
alatrna_m,6172
alltt_m,30837
amet_g,8946
amet_h,8946
ametam_h,8947
ametam_m,8947
amp_h,47222
anxan_u,27867
ap4a_n,7875
apofetn_h,2784
apotfen_h,2786
apppa_n,12728
ascb__L_u,43473
asn__L_x,6191
asp__L_h,6193
aspsa_h,6194
B_ara1p_c,15807
bathorhodopsin_s,2998
bcryptox_u,10362
bhb_x,322
biliverd_h,41124
btal_h,3233
btcoa_h,57371
bvite_h,22855
caro_h,40987
cbasp_m,7257
Ncbmpts_m,12497
Ncbmpts_n,12497
cbp_h,58228
cholphya_h,3631
chlb_u,3632
chlld_u,57942
chldb_u,38209
cmp_h,60377
coa_h,741566
cpppg1_h,62631
crpxan_u,65244
ctp_h,58231
cyart_c,17030
cyeuol_c,4000
cys__L_h,6207
cyst__L_h,6205
db4p_h,50606
dcamp_h,7405
dcaro_h,27705
ddcacoa_m,6392
dhretinol_s,52075
dmlz_h,58201
dmpp_h,8394
dnac_n,4301
dvchlda_h,83349
dvpchlda_h,29578
egly_e,57440
eig3p_h,58278
epm_h,4808
etoh_h,52092
f1p_h,58674
f6p_B_h,16084
fad_h,57692
fadh2_h,58307
fdp_B_c,28013
fdxox_h,7836
fdxox_m,7836
fdxrd_h,8792
fdxrd_m,8792
fe2_h,49599
fe3_h,49595
fgam_h,58426
fgam_m,58426
ficytb5_c,14243
ficytc_h,8789
focytc_x,5033
for_x,5145
fpram_h,971
frdp_h,50277
frmd_x,5143
fru_B_h,42560
g1p_h,58601
g3p_f,59776
g3p_h,59776
g3p_m,59776
g6p_A_h,42748
g6p_A_n,42748
g6p_B_h,58247
gar_h,58457
gar_m,58457
gcarote_u,27740
gdp_h,65180
ggchlda_u,64668
ggdp_h,58756
Glc_aD_c,42802
glcn_h,42715
gln__L_h,6227
glu1sa_h,57501
glu5sa_x,6225
glu__L_h,76051
glyald_h,4186
glyc_h,5448
glyclt_h,5475
glyc__R_h,41990
glyc__R_m,41990
glytrna_m,5503
grdp_h,58057
gthox_h,7840
gthrd_u,57925
h_f,5584
h_h,5584
h2_h,5785
h2_m,5785
h2o_f,5594
h2o_h,5594
hcarn_c,28050
hcys__L_h,66952
hcys__L_m,66952
hdca_h,7896
his__L_h,6240
histd_h,6241
hmppp9_h,77664
hom__L_h,6246
hpglu_m,9489
hx2coa_x,62077
icit_h,5998
ile__L_h,6255
imacp_h,57766
imp_h,5849
indole_h,5900
lac__L_x,422
lcts_h,613009
Lcyst_h,44708
lido_c,6456
lido_e,6456
lnlc_h,6479
lut_u,43817
lycop_h,15948
meglyxyl_c,222828
meglyxyl_e,222828
menecyart_c,1307
mercppyr_h,6767
mergtrol_c,30109
methf_h,57455
mfor_h,77699
mg2_h,6635
mhpglu_m,58207
mm_m,14603
2m6phol_h,75920
mthgxl_x,6875
nad_f,7422
nad_h,7422
nadh_f,7423
nadh_h,7423
nadp_s,7424
nadp_u,7424
nadph_s,7425
nadph_u,7425
neoxan_u,32446
no2_h,7585
neuspn_h,25511
oaa_f,7812
oaa_h,7812
oc2coa_m,62242
ocdce9coa_c,15534
ocdcea_h,7741
ocdcecoa_c,74395
oxa_m,7811
pa160_h,73246
pant__R_n,44662
paps_h,58339
paps_m,58339
phdp_h,8197
pep_f,8147
pep_h,8147
phe__L_h,8089
phom_h,7691
phphtna_u,38255
pmtcoa_h,7898
ppap_h,8478
ppap_m,8478
ppbng_h,8335
pphn_h,84387
ppi_u,8683
ppp9_h,8592
pppg9_h,8593
prfp_h,75912
prlp_h,7090
prpncoa_n,26301
prpp_h,58017
pser__L_h,7692
psqldp_c,8401
ptrc_h,8650
pyr_f,8685
pyr_h,8685
q8h2_m,61682
r1p_h,57720
r5p_h,22413
retac_s,94695
retinal_s,22348
retinal_11_cis_s,727
retinol_s,8816
ribflv_h,8843
s7p_h,9083
sbt__D_h,9201
scys__L_h,22075
scys__L_m,22075
selcyst_h,6297
selhcys_h,84850
seln_h,9089
seln_m,9089
selnp_m,9101
ser__L_h,9116
sheme_h,9166
so4_n,9335
spmd_h,9218
spmd_m,9218
stys_h,9248
succ_h,9304
suchms_h,7704
sucr_h,9314
tag1601819Z180_c,77623
td2coa_m,61405
tega_c,32188
tega_e,32188
thr__L_h,6308
toctd2eACP_h,80388
trdox_h,7845
trdrd_h,15033
trnaglu_h,29175
trnagly_m,29176
udp_h,9802
udparab_c,9814
udpg_h,9895
udpg_n,9895
ump_h,9849
uppg1_h,28766
uppg3_h,9905
vioxan_u,46568
xmp_m,57464
zeax_u,27547
zymstnl_c,12170
23ccmp_c,824
23cgmp_c,825
23cump_c,826
2hbut_c,64552
2o3mpt_c,28379
2pcpgc_c,16068
3cmp_c,60875
3gmp_c,60732
3ump_c,60784
5d4dglcr_c,16369
5dh4dglcn_c,1821
Lglyald_c,6233
acamoxm_c,7148
ala_L_asn__L_c,73330
ala_L_asp__L_c,73803
ala_L_asp__L_e,73803
ala_L_leu__L_c,73770
ala_L_leu__L_e,73770
ala_L_tyr__L_c,73395
amacald_c,17628
argp_c,25686
argp_e,25686
bilea_c,3098
bilea_e,3098
chor_e,3677
dextrin_c,4468
dextrin_e,4468
djenk_c,6211
djenk_e,6211
dtpcudcpp_c,10544
ectoine_c,4756
ectoine_e,4756
eths_c,61909
eths_e,61909
g1p_B_c,16218
galman_c,27680
glcn__D_c,20983
glcn__D_e,20983
gly_asp__L_c,73804
gly_asp__L_e,73804
gly_cys__L_c,73890
gly_met__L_c,74393
gly_met__L_e,74393
glygly_c,24413
hpa_c,32362
hpal_c,34787
hxal_c,88528
istnt_c,1157
istnt_e,1157
lipt_c,146958
lipt_e,146958
madg_e,42974
met_L_phe__L_c,74708
metox_c,58772
metox_e,58772
mmal_c,25317
mops_c,39074
mops_e,39074
oxglyc_c,4593
ppi_e,8683
pser__D_e,21964
pta_c,44803
ptdcal_c,14746
purine_c,35586
ser_L_ala__L_c,74801
ser_L_his__L_c,73651
ser_L_ile__L_c,90326
ser_L_leu__L_c,74815
ser_L_met__L_c,74817
srch_c,9167
sula_c,49876
sula_e,49876
thr_L_gln__L_c,74855
thr_L_leu__L_c,74860
thr_L_met__L_c,74861
thr_L_phe__L_c,74862
thr_L_thr__L_c,73665
tmp_e,77120
trdca_c,45919
trdcal_c,89816
2coum_c,23399
5moxact_c,20600
ahandrostan_r,1710
bdg2hc_c,62251
3moxtyr_e,1582
normete__L_e,6277
2hog_m,11596
34hpp_e,594665
3bcrn_c,72995
3bcrn_e,72995
3hpp_m,40000
3mob_e,43714
3ohodcoa_l,71407
3tdcrn_c,73063
3tdcrn_e,73063
4abutn_e,58264
4ppcys_m,59458
56dthm_m,20510
5mthf_r,2097
5oxpro_e,16010
C01241_m,14799
C01601_c,32361
C01836_m,7542
C02356_c,35619
C02470_m,71201
C02528_c,36234
C02528_e,36234
C02528_r,36234
C02528_x,36234
C02712_c,21557
C02744_g,26371
C03405_c,78426
C03577_x,1291
C03693_c,4209
C03958_e,35940
C04295_c,2710
C04295_r,2710
C04308_c,64427
C04308_r,64427
C04805_m,65341
C04805_n,65341
C04843_c,15630
C04843_r,15630
C04843_x,15630
C04849_c,18597
C04849_e,18597
C04849_r,18597
C04849_x,18597
C05284_m,27967
C05298_c,1156
C05298_r,1156
C05302_c,1187
C05708_c,26639
C05708_r,26639
C05957_c,26332
C05957_r,26332
C06199_g,5764
C06199_l,5764
C06314_c,67026
C06314_r,67026
C06314_x,67026
C06315_n,6499
C06948_c,49575
C07486_c,111762
C08276_c,1438
C09640_c,112
C11304_c,8937
C11304_r,8937
C11695_c,88116
C11821_c,59562
C11821_x,59562
C13856_g,34261
C14768_c,131992
C14768_r,131992
C14771_c,34157
C14771_r,34157
C14826_c,38299
C14826_r,38299
CE0074_c,76451
CE0074_e,76451
CE0955_r,20736
CE1310_m,28939
CE1401_c,60315
CE1554_c,40992
CE1562_c,81394
CE1589_c,50111
CE1589_r,50111
CE1589_x,50111
CE1918_c,89825
CE1944_c,36781
CE2006_c,58968
CE2011_l,133907
CE2011_m,133907
CE2011_n,133907
CE2020_m,59002
CE2028_c,82957
CE2047_c,84027
CE2047_r,84027
CE2053_m,63979
CE2056_c,134516
CE2056_r,134516
CE2072_c,89478
CE2084_m,34460
CE2176_c,82913
CE2180_c,87602
CE2180_r,87602
CE2201_m,47214
CE2202_c,47803
CE2206_c,47812
CE2207_c,47813
CE2209_c,18011
CE2242_n,75064
CE2247_c,52324
CE2248_c,71408
CE2248_r,71408
CE2250_c,71451
CE2250_e,71451
CE2253_c,73977
CE2445_c,90723
CE2516_c,53486
CE2516_r,53486
CE2565_n,63989
CE2568_c,63990
CE2568_r,63990
CE2568_x,63990
CE2569_c,63991
CE2569_r,63991
CE2569_x,63991
CE2577_c,58972
CE2705_c,64277
CE2754_r,28774
CE2847_c,66940
CE2866_c,35430
CE2866_r,35430
CE2917_c,80131
CE2917_e,80131
CE2953_r,80658
CE2955_c,132260
CE3038_m,81015
CE3075_c,21092
CE3087_c,109895
CE3481_c,78209
CE3481_r,78209
CE4633_l,24757
CE4633_n,24757
CE4876_c,10537
CE4876_r,10537
CE4936_n,7210
CE4987_c,133324
CE4990_m,742
CE4993_m,134519
CE5126_c,77275
CE5138_c,133346
CE5138_r,133346
CE5151_c,74126
CE5151_r,74126
CE5251_c,87263
CE5251_r,87263
CE5251_x,87263
CE5252_m,87262
CE5276_c,74684
CE5276_x,74684
CE5304_c,63999
CE5456_c,55534
CE5531_c,133440
CE5531_r,133440
CE5531_x,133440
CE5588_c,50038
CE5662_c,78325
CE5842_c,84962
CE5842_r,84962
CE5866_c,74389
CE5868_c,40853
CE5868_e,40853
CE5968_m,50928
CE6000_c,62726
CE6193_x,74017
CE6205_c,89851
CE6234_c,90793
CE6415_c,266
CE7081_n,90819
CE7083_c,88493
CE7083_r,88493
CE7088_n,134407
CE7090_c,81563
CE7091_n,32949
CE7096_n,72867
CE7172_n,88459
HC00229_e,24901
HC00460_c,19382
HC00576_c,24607
HC00591_m,19747
HC00682_m,8940
HC00718_c,57781
HC00900_m,30861
HC00955_e,77860
HC01231_m,21463
HC01434_m,58931
HC01444_e,5259
HC01459_x,20213
HC01522_c,28508
HC01652_c,929
HC01672_c,37666
HC01700_e,24192
HC01710_c,926
HC02180_c,28728
HC02180_e,28728
HC02187_c,19863
HC02187_e,19863
HC02191_c,20237
HC02191_e,20237
HC02191_r,20237
HC02192_c,26857
HC02192_e,26857
HC02193_c,60008
HC02193_e,60008
HC02194_c,78604
HC02194_e,78604
HC02202_c,92069
HC02202_e,92069
HC02202_r,92069
HC02203_c,26315
HC02203_e,26315
HC02203_r,26315
HC02204_c,8506
HC02204_e,8506
HC02207_c,133392
HC02207_e,133392
HC02208_c,26320
HC02208_e,26320
HC02210_c,132149
HC02210_e,132149
HC02213_n,28031
HC02216_c,26326
HC02216_e,26326
N1aspmd_x,7356
N1sprm_x,7357
ac_r,40486
acac_r,40507
acgalfucgalacgalfuc12gal14acglcgalgluside_cho_g,28574
acgalfucgalacglcgal14acglcgalgluside_cho_g,62540
acgpail_cho_c,53052
acmana_r,7141
acngalacglcgal14acglcgalgluside_cho_c,61850
acngalacglcgal14acglcgalgluside_cho_e,61850
acngalacglcgalgluside_cho_g,61235
ahcys_e,8945
aicar_e,58475
ak2g_cho_c,52595
anth_e,40980
arach_x,28822
ascb__L_r,43473
avite1_r,46509
c4crn_c,21949
c4crn_e,21949
c4dc_c,73034
c4dc_e,73034
c4dc_x,73034
c8crn_m,73039
ca2_r,48760
cdp_e,58069
cdpdag_cho_c,13269
cholate_m,16359
cholp_e,44707
cl_l,5590
cl_n,5590
clpn_cho_c,62237
cmpglna_c,20877
crm_cho_g,7242
crm_cho_l,7242
crm_cho_n,7242
cyst__L_m,6205
dcholcoa_c,62989
dcholcoa_r,62989
dhap_e,57642
dhcrm_cho_c,31488
dhdascb_m,14108
digalsgalside_cho_g,28848
digalside_cho_g,23717
digalside_cho_l,23717
docoscoa_c,65059
docoscoa_x,65059
dopa_x,59905
dpcoa_e,57328
dtdp_e,58369
dtmp_n,63549
fuc132galacglcgal14acglcgalgluside_cho_g,90360
fuc14galacglcgalgluside_cho_g,21431
fucacgalfucgalacglcgalgluside_cho_g,62656
fucacngal14acglcgalgluside_cho_g,62374
fucfuc12gal14acglcgalgluside_cho_g,62562
fucfucgalacglc13galacglcgal14acglcgalgluside_cho_g,61644
fucfucgalacglcgalacglcgal14acglcgalgluside_cho_g,61644
fucgal14acglcgalgluside_cho_g,90379
fucgalacgalfuc12gal14acglcgalgluside_cho_g,27718
g2m8mpdol_r,458
ga2_cho_g,5208
gal14acglcgalgluside_cho_g,10390
galacglc13galacglcgal14acglcgalgluside_cho_g,63085
galfucgalacglcgal14acglcgalgluside_cho_c,90154
galfucgalacglcgal14acglcgalgluside_cho_e,90154
gbside_cho_g,61360
gbside_cho_l,61360
gd1c_cho_c,87990
gd1c_cho_e,87990
gd3_cho_c,21151
gluside_cho_c,12971
gluside_cho_r,12971
glyald_m,4186
glyc3p_x,57597
glygly_e,24413
gm1a_cho_g,61577
gp1calpha_cho_c,87802
gp1calpha_cho_e,87802
gpail_cho_c,20998
gq1balpha_cho_g,82609
gt1a_cho_c,27691
gt1a_cho_e,27691
gthrd_x,57925
h2o2_r,5586
hLkynr_m,58125
h_im,5584
hdca_l,7896
his__L_l,6240
hop_c,15194
inost_r,52772
ivcrn_c,73025
ivcrn_e,73025
lanost_x,6374
leugly_c,74534
leugly_e,74534
lnlc_l,6479
lnlnca_l,528881
m7mpdol_r,465
m8mpdol_r,466
malcoa_e,6661
malcoa_r,6661
na1_r,9175
no2_l,7585
no2_n,7585
oagd3_cho_c,61730
oagd3_cho_e,61730
ocdcea_l,7741
ocdcea_m,7741
pail345p_cho_g,26039
pail345p_cho_n,26039
pail34p_cho_n,11285
pail35p_cho_g,57923
pail35p_cho_n,57923
pail3p_cho_c,58088
pail3p_cho_r,58088
pail45p_cho_g,28910
pail45p_cho_m,28910
pail45p_cho_n,28910
pail4p_cho_n,675
pail5p_cho_c,11290
pail5p_cho_r,11290
pail_cho_g,679
pail_cho_n,679
pan4p_e,7914
paps_n,58339
pchol_cho_g,61995
pchol_cho_m,61995
peptide_c,60466
pglyc_cho_c,26033
pglyc_cho_e,26033
pgp_cho_c,83196
pmtcoa_l,7898
prpp_n,58017
ps_cho_c,57262
ps_cho_e,57262
ps_cho_r,57262
ptth_e,25843
retinal_r,22348
retinol_r,8816
sebcoa_c,76316
sebcoa_x,76316
selhcys_n,84850
selmeth_n,47569
ser__L_g,9116
slfcys_c,27891
slfcys_e,27891
sprm_x,9219
stcoa_n,9256
subeac_c,132953
subeac_x,132953
tag_cho_c,17855
tag_cho_e,17855
thcrm_cho_c,20969
thf_r,9482
uacgam_r,9823
udpgal_r,9811
urea_n,9888
xolest2_cho_c,23205
xolest2_cho_e,23205
xylnact__D_c,13031
gtocophe_r,12406
mththf_p,44800
mththf_e,44800
ch4_p,29434
urate_p,9885
23doguln_p,60793
h2o_cx,5594
2pglyc_cx,58033
h_cx,5584
3pg_cx,58272
phphbda_c,38257
phytol_c,14836
23dhdp_h,48052
26dap_LL_h,6341
26dap__M_h,57791
3c4mop_h,19975
pser__L_m,7692
photon_h,14383
6pgc_m,58759
acglu_h,87274
acg5p_h,7151
acorn_h,7368
so4_h,9335
3c2hmp_h,43468
Largn_h,13081
dhbpt_m,20680
utp_h,9850
focytb5_m,5037
tmlys_m,12672
gbbtn_m,20484
3ohodcoa_m,71407
ala__L_h,76050
3opalmACP_m,1639
hdca_m,7896
pa160_m,73246
aspsa_m,6194
hom__L_m,6246
dhdascb_h,14108
5mtr_m,78440
m7mpdol_c,465
m8mpdol_c,466
g2m8mpdol_c,458
grdp_m,58057
pydx5p_h,8668
met__L_h,6829
2mahmp_h,57841
4ahmmp_h,43206
ichor_h,5997
sucbz_x,44788
dhna_h,539
amob_m,8944
dann_m,58500
fmn_h,58210
alatrna_h,6172
asntrna_h,6192
trnaser_h,29179
trnacys_h,29167
cystrna_h,74764
trnahis_h,29178
trnatrp_h,29181
pdx5p_h,8672
selcyst_m,6297
dmtphllqne_h,31087
btn_h,57586
cl_h,5590
cl_m,5590
